{
	"credit": "Made with Blockbench",
	"texture_size": [64, 64],
	"textures": {
		"0": "magmanetwork:item/players/daniel99j/bag",
		"particle": "magmanetwork:item/players/daniel99j/bag"
	},
	"elements": [
		{
			"from": [0, 0, 5],
			"to": [16, 14, 9],
			"rotation": {"angle": 0, "axis": "y", "origin": [0, 0, 5]},
			"faces": {
				"north": {"uv": [0, 0, 4, 3.5], "texture": "#0"},
				"east": {"uv": [4, 2, 5, 5.5], "texture": "#0"},
				"south": {"uv": [0, 3.5, 4, 7], "texture": "#0"},
				"west": {"uv": [5, 2, 6, 5.5], "texture": "#0"},
				"up": {"uv": [8, 1, 4, 0], "texture": "#0"},
				"down": {"uv": [8, 1, 4, 2], "texture": "#0"}
			}
		},
		{
			"from": [4, 13, 6],
			"to": [4.1, 31, 8],
			"rotation": {"angle": -45, "axis": "x", "origin": [4, 13, 6]},
			"faces": {
				"north": {"uv": [0, 7, 0.25, 11.5], "texture": "#0"},
				"east": {"uv": [4, 5.5, 4.5, 10], "texture": "#0"},
				"south": {"uv": [0.25, 7, 0.5, 11.5], "texture": "#0"},
				"west": {"uv": [4.5, 5.5, 5, 10], "texture": "#0"},
				"up": {"uv": [3, 8, 2.75, 7.5], "texture": "#0"},
				"down": {"uv": [7.75, 5, 7.5, 5.5], "texture": "#0"}
			}
		},
		{
			"from": [12, 13, 6],
			"to": [12.1, 31, 8],
			"rotation": {"angle": -45, "axis": "x", "origin": [12, 13, 6]},
			"faces": {
				"north": {"uv": [0.5, 7, 0.75, 11.5], "texture": "#0"},
				"east": {"uv": [5, 5.5, 5.5, 10], "texture": "#0"},
				"south": {"uv": [0.75, 7, 1, 11.5], "texture": "#0"},
				"west": {"uv": [5.5, 5.5, 6, 10], "texture": "#0"},
				"up": {"uv": [7.75, 6, 7.5, 5.5], "texture": "#0"},
				"down": {"uv": [6.25, 7.5, 6, 8], "texture": "#0"}
			}
		},
		{
			"from": [4, 25.75, -6.75],
			"to": [12, 27.75, -6.65],
			"rotation": {"angle": 45, "axis": "x", "origin": [4, 25.75, -6.75]},
			"faces": {
				"north": {"uv": [1, 7, 3, 7.5], "texture": "#0"},
				"east": {"uv": [7.5, 6, 7.75, 6.5], "texture": "#0"},
				"south": {"uv": [7.25, 2, 9.25, 2.5], "texture": "#0"},
				"west": {"uv": [6.25, 7.5, 6.5, 8], "texture": "#0"},
				"up": {"uv": [9.25, 3.5, 7.25, 3.25], "texture": "#0"},
				"down": {"uv": [9.25, 3.5, 7.25, 3.75], "texture": "#0"}
			}
		},
		{
			"from": [-0.01, 5.99, 9.09],
			"to": [16.01, 14.01, 9.12],
			"rotation": {"angle": 0, "axis": "y", "origin": [0, 6, 9]},
			"faces": {
				"north": {"uv": [0, 0, 0.5, 0.5], "texture": "#0"},
				"east": {"uv": [0, 0, 0.5, 0.5], "texture": "#0"},
				"south": {"uv": [5.5, 11, 9.5, 13], "texture": "#0"},
				"west": {"uv": [0, 0, 0.5, 0.5], "texture": "#0"},
				"up": {"uv": [0, 0, 0.5, 0.5], "texture": "#0"},
				"down": {"uv": [0, 0, 0.5, 0.5], "texture": "#0"}
			}
		}
	],
	"display": {
		"thirdperson_righthand": {
			"rotation": [69, 90, 0],
			"translation": [0.75, -6.75, -2.25],
			"scale": [0.85, 0.85, 0.85]
		},
		"thirdperson_lefthand": {
			"rotation": [69, 90, 0],
			"translation": [0.75, -6.75, -2.25],
			"scale": [0.85, 0.85, 0.85]
		},
		"firstperson_righthand": {
			"rotation": [0, -45, 0],
			"scale": [0.4, 0.4, 0.4]
		},
		"firstperson_lefthand": {
			"rotation": [0, -45, 0],
			"scale": [0.4, 0.4, 0.4]
		},
		"ground": {
			"translation": [0, 2, 0],
			"scale": [0.4, 0.4, 0.4]
		},
		"gui": {
			"rotation": [30, 30, 0],
			"translation": [0, -2, 0],
			"scale": [0.625, 0.625, 0.625]
		},
		"fixed": {
			"rotation": [0, 180, 0]
		}
	}
}