{
	"credit": "Made with Blockbench",
	"texture_size": [64, 64],
	"textures": {
		"0": "magmanetwork:item/players/daniel99j/balloon",
		"particle": "magmanetwork:item/players/daniel99j/balloon"
	},
	"elements": [
		{
			"from": [3.5, 0.5, 4.5],
			"to": [12.5, 9.5, 13.5],
			"rotation": {"angle": 0, "axis": "z", "origin": [16.5, -20.48746, 11]},
			"faces": {
				"north": {"uv": [0, 0, 2, 2], "texture": "#0"},
				"east": {"uv": [0, 2, 2, 4], "texture": "#0"},
				"south": {"uv": [2, 0, 4, 2], "texture": "#0"},
				"west": {"uv": [2, 2, 4, 4], "texture": "#0"},
				"up": {"uv": [2, 6, 0, 4], "texture": "#0"},
				"down": {"uv": [6, 0, 4, 2], "texture": "#0"}
			}
		}
	],
	"display": {
		"thirdperson_righthand": {
			"rotation": [-139.5, 80, -180],
			"translation": [0, 6.5, 11.25],
			"scale": [2.7, 2.7, 2.7]
		},
		"thirdperson_lefthand": {
			"rotation": [65, -100, 0],
			"translation": [0, 1.75, 8.25]
		},
		"firstperson_righthand": {
			"translation": [8.25, 4.75, 0]
		},
		"firstperson_lefthand": {
			"translation": [8.25, 4.75, 0]
		},
		"ground": {
			"translation": [0, 1.75, 0],
			"scale": [0.5, 0.5, 0.5]
		},
		"gui": {
			"rotation": [30, 225, 0],
			"translation": [0, -2.75, 0],
			"scale": [0.425, 0.425, 0.425]
		},
		"head": {
			"translation": [-1.75, 21.25, 4],
			"scale": [2, 2, 2]
		}
	},
	"groups": [
		{
			"name": "Root",
			"origin": [8, 8, 8],
			"color": 0,
			"children": [0]
		}
	]
}