{
	"credit": "Made with Blockbench",
	"textures": {
		"0": "magmanetwork:item/players/daniel99j/bin",
		"particle": "magmanetwork:item/players/daniel99j/bin"
	},
	"elements": [
		{
			"from": [0, 16, 0],
			"to": [16, 21, 16],
			"rotation": {"angle": 0, "axis": "x", "origin": [8.00869, -0.99991, 7.99122]},
			"faces": {
				"north": {"uv": [0, 0, 4, 1.25], "texture": "#0", "tintindex": 1},
				"east": {"uv": [0, 0, 4, 1.25], "texture": "#0", "tintindex": 1},
				"south": {"uv": [0, 0, 4, 1.25], "texture": "#0", "tintindex": 1},
				"west": {"uv": [0, 0, 4, 1.25], "texture": "#0", "tintindex": 1},
				"up": {"uv": [7.25, 0, 11.25, 4], "texture": "#0", "tintindex": 1},
				"down": {"uv": [7.25, 4, 11.25, 8], "texture": "#0", "tintindex": 1}
			}
		},
		{
			"from": [0.5, -0.5, 0.5],
			"to": [15.5, 16.5, 15.5],
			"rotation": {"angle": 0, "axis": "x", "origin": [8.02003, 14.50011, 7.97986]},
			"faces": {
				"north": {"uv": [0.25, 1.25, 3.75, 5.25], "texture": "#0"},
				"east": {"uv": [3.75, 1.25, 7.25, 5.25], "texture": "#0"},
				"south": {"uv": [3.75, 1.25, 7.25, 5.25], "texture": "#0"},
				"west": {"uv": [3.75, 1.25, 7.25, 5.25], "texture": "#0"},
				"up": {"uv": [0.25, 5.25, 3.75, 8.75], "rotation": 180, "texture": "#0"},
				"down": {"uv": [3.75, 5.25, 7.25, 8.75], "texture": "#0"}
			}
		}
	],
	"display": {
		"thirdperson_righthand": {
			"rotation": [6, 38, 0],
			"scale": [0.2, 0.2, 0.2]
		},
		"thirdperson_lefthand": {
			"rotation": [6, 38, 0],
			"scale": [0.2, 0.2, 0.2]
		},
		"firstperson_righthand": {
			"rotation": [-8, 111, 0],
			"translation": [2.25, 0.5, 0.25],
			"scale": [0.4, 0.4, 0.4]
		},
		"firstperson_lefthand": {
			"rotation": [-8, 111, 0],
			"translation": [2.25, 0.5, 0.25],
			"scale": [0.4, 0.4, 0.4]
		},
		"ground": {
			"translation": [0, 2, 0],
			"scale": [0.2, 0.2, 0.2]
		},
		"gui": {
			"rotation": [30, 135, 0],
			"translation": [0, -0.75, 0],
			"scale": [0.4, 0.4, 0.4]
		},
		"head": {
			"translation": [0, 13.25, 0]
		},
		"fixed": {
			"rotation": [-90, 0, 0],
			"translation": [0, 0, -17],
			"scale": [2, 2, 2]
		}
	},
	"groups": [
		{
			"name": "group",
			"origin": [8, 8, 8],
			"color": 0,
			"children": [0, 1]
		}
	]
}