{
	"credit": "Made with Blockbench",
	"textures": {
		"1": "magmanetwork:item/players/daniel99j/binoculars",
		"particle": "magmanetwork:item/players/daniel99j/binoculars"
	},
	"elements": [
		{
			"from": [5.5, 0, 6.5],
			"to": [8.5, 5, 9.5],
			"faces": {
				"north": {"uv": [6.5, 6, 5, 8.5], "texture": "#1"},
				"east": {"uv": [5, 6, 6.5, 8.5], "texture": "#1"},
				"south": {"uv": [6.5, 6, 5, 8.5], "texture": "#1"},
				"west": {"uv": [5, 6, 6.5, 8.5], "texture": "#1"},
				"up": {"uv": [15.5, 14, 16, 14.5], "texture": "#1"},
				"down": {"uv": [0, 11.5, 1.5, 10], "texture": "#1"}
			}
		},
		{
			"from": [6, 6, 7],
			"to": [8, 12, 9],
			"faces": {
				"north": {"uv": [4, 6, 3, 9], "texture": "#1"},
				"east": {"uv": [3, 6, 4, 9], "texture": "#1"},
				"south": {"uv": [4, 6, 3, 9], "texture": "#1"},
				"west": {"uv": [3, 6, 4, 9], "texture": "#1"},
				"up": {"uv": [3, 10, 4, 11], "texture": "#1"},
				"down": {"uv": [3, 10, 4, 11], "texture": "#1"}
			}
		},
		{
			"from": [9.5, 0, 6.5],
			"to": [12.5, 5, 9.5],
			"faces": {
				"north": {"uv": [5, 6, 6.5, 8.5], "texture": "#1"},
				"east": {"uv": [6.5, 6, 5, 8.5], "texture": "#1"},
				"south": {"uv": [5, 6, 6.5, 8.5], "texture": "#1"},
				"west": {"uv": [6.5, 6, 5, 8.5], "texture": "#1"},
				"up": {"uv": [15.5, 14, 16, 14.5], "rotation": 270, "texture": "#1"},
				"down": {"uv": [0, 10, 1.5, 11.5], "rotation": 90, "texture": "#1"}
			}
		},
		{
			"from": [10, 6, 7],
			"to": [12, 12, 9],
			"faces": {
				"north": {"uv": [3, 6, 4, 9], "texture": "#1"},
				"east": {"uv": [4, 6, 3, 9], "texture": "#1"},
				"south": {"uv": [3, 6, 4, 9], "texture": "#1"},
				"west": {"uv": [4, 6, 3, 9], "texture": "#1"},
				"up": {"uv": [3, 10, 4, 11], "rotation": 270, "texture": "#1"},
				"down": {"uv": [3, 10, 4, 11], "rotation": 90, "texture": "#1"}
			}
		},
		{
			"from": [5.25, 3.75, 6.25],
			"to": [12.75, 8.25, 9.75],
			"faces": {
				"north": {"uv": [12, 8, 15.5, 10], "texture": "#1"},
				"east": {"uv": [10.5, 8, 12, 10], "texture": "#1"},
				"south": {"uv": [12, 8, 15.5, 10], "texture": "#1"},
				"west": {"uv": [10.5, 8, 12, 10], "texture": "#1"},
				"up": {"uv": [12.5, 0, 16, 1.5], "texture": "#1"},
				"down": {"uv": [12, 8, 15.5, 9.5], "texture": "#1"}
			}
		}
	],
	"gui_light": "front",
	"display": {
		"thirdperson_righthand": {
			"translation": [0, -2, 0]
		},
		"firstperson_lefthand": {
			"translation": [6.25, 0, 0]
		},
		"ground": {
			"rotation": [90, 0, 0]
		},
		"gui": {
			"rotation": [114, 0, 45],
			"translation": [-3, 0, 0],
			"scale": [1.5, 1.5, 1.5]
		},
		"head": {
			"rotation": [90, 0, 0],
			"translation": [-1.75, 0, -14.5],
			"scale": [1.6, 1.6, 1.6]
		},
		"fixed": {
			"translation": [0, 2, -1.5],
			"scale": [1.7, 1.7, 1.7]
		}
	}
}