{
	"credit": "Made with Blockbench",
	"textures": {
		"0": "magmanetwork:item/players/daniel99j/rifle",
		"particle": "magmanetwork:item/players/daniel99j/rifle"
	},
	"elements": [
		{
			"from": [24.1, 0.2, 0.2],
			"to": [27.7, 1.8, 1.8],
			"rotation": {"angle": 0, "axis": "z", "origin": [25.9, 1, 1]},
			"faces": {
				"north": {"uv": [6, 0, 10, 2], "rotation": 180, "texture": "#0"},
				"east": {"uv": [14, 0, 16, 2], "texture": "#0"},
				"south": {"uv": [6, 0, 10, 2], "texture": "#0"},
				"west": {"uv": [1, 4, 3, 6], "rotation": 180, "texture": "#0"},
				"up": {"uv": [6, 0, 10, 2], "texture": "#0"},
				"down": {"uv": [6, 0, 10, 2], "texture": "#0"}
			}
		},
		{
			"from": [18.05, -0.05, -0.05],
			"to": [24.15, 2.05, 2.05],
			"rotation": {"angle": 0, "axis": "z", "origin": [21.1, 1, 1]},
			"faces": {
				"north": {"uv": [3, 0, 9, 2], "rotation": 180, "texture": "#0"},
				"east": {"uv": [0, 0, 2, 2], "rotation": 180, "texture": "#0"},
				"south": {"uv": [3, 0, 9, 2], "texture": "#0"},
				"west": {"uv": [0, 0, 2, 2], "rotation": 180, "texture": "#0"},
				"up": {"uv": [3, 0, 9, 2], "texture": "#0"},
				"down": {"uv": [3, 0, 9, 2], "texture": "#0"}
			}
		},
		{
			"from": [11.95, -0.05, -0.05],
			"to": [18.05, 2.05, 2.05],
			"faces": {
				"north": {"uv": [3, 0, 9, 2], "texture": "#0"},
				"east": {"uv": [0, 0, 2, 2], "texture": "#0"},
				"south": {"uv": [3, 0, 9, 2], "rotation": 180, "texture": "#0"},
				"west": {"uv": [9, 0, 11, 2], "texture": "#0"},
				"up": {"uv": [3, 0, 9, 2], "rotation": 180, "texture": "#0"},
				"down": {"uv": [3, 0, 9, 2], "rotation": 180, "texture": "#0"}
			}
		},
		{
			"from": [11.1, 0.1, 0.1],
			"to": [11.9, 1.9, 1.9],
			"faces": {
				"north": {"uv": [10, 0, 11, 2], "texture": "#0"},
				"east": {"uv": [1, 4, 3, 6], "texture": "#0"},
				"south": {"uv": [10, 0, 11, 2], "texture": "#0"},
				"west": {"uv": [1, 4, 3, 6], "texture": "#0"},
				"up": {"uv": [10, 0, 11, 2], "texture": "#0"},
				"down": {"uv": [10, 0, 11, 2], "texture": "#0"}
			}
		},
		{
			"from": [4.9, -0.1, -0.1],
			"to": [11.1, 2.1, 2.1],
			"rotation": {"angle": 0, "axis": "z", "origin": [8, 1, 1]},
			"faces": {
				"north": {"uv": [3, 0, 9, 2], "rotation": 180, "texture": "#0"},
				"east": {"uv": [9, 0, 11, 2], "rotation": 180, "texture": "#0"},
				"south": {"uv": [3, 0, 9, 2], "texture": "#0"},
				"west": {"uv": [9, 0, 11, 2], "rotation": 180, "texture": "#0"},
				"up": {"uv": [3, 0, 9, 2], "texture": "#0"},
				"down": {"uv": [3, 0, 9, 2], "texture": "#0"}
			}
		},
		{
			"from": [0, 0, 0],
			"to": [5, 2, 2],
			"faces": {
				"north": {"uv": [9, 0, 14, 2], "rotation": 180, "texture": "#0"},
				"east": {"uv": [0, 0, 2, 2], "texture": "#0"},
				"south": {"uv": [9, 0, 14, 2], "texture": "#0"},
				"west": {"uv": [14, 0, 16, 2], "texture": "#0"},
				"up": {"uv": [9, 0, 14, 2], "texture": "#0"},
				"down": {"uv": [9, 0, 14, 2], "texture": "#0"}
			}
		},
		{
			"from": [4.00999, -1.0036, 0.01],
			"to": [8.98999, 0.9764, 1.99],
			"rotation": {"angle": 22.5, "axis": "z", "origin": [6.49999, -0.0136, 1]},
			"faces": {
				"north": {"uv": [4, 0, 9, 2], "texture": "#0"},
				"east": {"uv": [1, 4, 3, 6], "rotation": 180, "texture": "#0"},
				"south": {"uv": [4, 0, 9, 2], "rotation": 180, "texture": "#0"},
				"west": {"uv": [1, 4, 3, 6], "rotation": 180, "texture": "#0"},
				"up": {"uv": [1, 4, 6, 6], "rotation": 180, "texture": "#0"},
				"down": {"uv": [4, 0, 9, 2], "rotation": 180, "texture": "#0"}
			}
		},
		{
			"from": [0.02, 0.02, 0.02],
			"to": [4.98, 1.98, 1.98],
			"rotation": {"angle": -22.5, "axis": "z", "origin": [0, 0, 0]},
			"faces": {
				"north": {"uv": [10, 0, 15, 2], "texture": "#0"},
				"east": {"uv": [1, 4, 3, 6], "texture": "#0"},
				"south": {"uv": [9, 0, 14, 2], "texture": "#0"},
				"west": {"uv": [1, 4, 3, 6], "texture": "#0"},
				"up": {"uv": [9, 0, 14, 2], "texture": "#0"},
				"down": {"uv": [9, 0, 14, 2], "texture": "#0"}
			}
		},
		{
			"from": [-4.0185, -0.40015, 0.25],
			"to": [0.4815, 1.09985, 1.75],
			"rotation": {"angle": 22.5, "axis": "z", "origin": [-1.7685, 0.34985, 1]},
			"faces": {
				"north": {"uv": [10, 0, 15, 2], "texture": "#0"},
				"east": {"uv": [1, 4, 3, 6], "texture": "#0"},
				"south": {"uv": [9, 0, 14, 2], "texture": "#0"},
				"west": {"uv": [1, 4, 3, 6], "texture": "#0"},
				"up": {"uv": [9, 0, 14, 2], "texture": "#0"},
				"down": {"uv": [9, 0, 14, 2], "texture": "#0"}
			}
		},
		{
			"from": [-6.95, -1.2, 0.3],
			"to": [-3.55, 0.2, 1.7],
			"faces": {
				"north": {"uv": [10, 0, 14, 2], "texture": "#0"},
				"east": {"uv": [1, 4, 3, 6], "texture": "#0"},
				"south": {"uv": [10, 0, 14, 2], "texture": "#0"},
				"west": {"uv": [9, 0, 11, 2], "texture": "#0"},
				"up": {"uv": [10, 0, 14, 2], "texture": "#0"},
				"down": {"uv": [10, 0, 14, 2], "texture": "#0"}
			}
		},
		{
			"from": [-7.7, -0.5, 0.5],
			"to": [-4.7, 1.5, 1.5],
			"faces": {
				"north": {"uv": [10, 0, 13, 2], "texture": "#0"},
				"east": {"uv": [10, 0, 11, 2], "texture": "#0"},
				"south": {"uv": [11, 0, 14, 2], "texture": "#0"},
				"west": {"uv": [4, 0, 5, 2], "texture": "#0"},
				"up": {"uv": [6, 0, 9, 1], "texture": "#0"},
				"down": {"uv": [11, 0, 14, 1], "texture": "#0"}
			}
		},
		{
			"from": [-7.05, 1.15, 0.4],
			"to": [-3.85, 2.35, 1.6],
			"faces": {
				"north": {"uv": [10, 0, 14, 2], "texture": "#0"},
				"east": {"uv": [8, 0, 10, 2], "texture": "#0"},
				"south": {"uv": [10, 0, 14, 2], "texture": "#0"},
				"west": {"uv": [9, 0, 11, 2], "texture": "#0"},
				"up": {"uv": [10, 0, 14, 2], "texture": "#0"},
				"down": {"uv": [10, 0, 14, 2], "texture": "#0"}
			}
		},
		{
			"from": [3, 2, 0.5],
			"to": [8, 4, 1.5],
			"faces": {
				"north": {"uv": [5, 0, 10, 2], "texture": "#0"},
				"east": {"uv": [4, 0, 5, 2], "texture": "#0"},
				"south": {"uv": [5, 0, 10, 2], "rotation": 180, "texture": "#0"},
				"west": {"uv": [10, 0, 11, 2], "texture": "#0"},
				"up": {"uv": [1, 5, 6, 6], "texture": "#0"},
				"down": {"uv": [1, 5, 6, 6], "texture": "#0"}
			}
		},
		{
			"from": [0.35, 3.15, 0.15],
			"to": [5.05, 4.85, 1.85],
			"faces": {
				"north": {"uv": [10, 0, 15, 2], "rotation": 180, "texture": "#0"},
				"east": {"uv": [1, 4, 3, 6], "texture": "#0"},
				"south": {"uv": [10, 0, 15, 2], "texture": "#0"},
				"west": {"uv": [1, 0, 3, 2], "texture": "#0"},
				"up": {"uv": [10, 0, 15, 2], "texture": "#0"},
				"down": {"uv": [10, 0, 15, 2], "texture": "#0"}
			}
		},
		{
			"from": [4.98, 2.98, -0.02],
			"to": [11.02, 5.02, 2.02],
			"faces": {
				"north": {"uv": [3, 0, 9, 2], "texture": "#0"},
				"east": {"uv": [1, 0, 3, 2], "texture": "#0"},
				"south": {"uv": [3, 0, 9, 2], "texture": "#0"},
				"west": {"uv": [9, 0, 11, 2], "texture": "#0"},
				"up": {"uv": [3, 0, 9, 2], "texture": "#0"},
				"down": {"uv": [3, 0, 9, 2], "texture": "#0"}
			}
		},
		{
			"from": [8.85, 2.85, -0.15],
			"to": [11.15, 5.15, 2.15],
			"rotation": {"angle": 0, "axis": "z", "origin": [10, 4, 1]},
			"faces": {
				"north": {"uv": [13, 3, 16, 6], "rotation": 90, "texture": "#0"},
				"east": {"uv": [1, 3, 4, 6], "rotation": 270, "texture": "#0"},
				"south": {"uv": [13, 3, 16, 6], "rotation": 270, "texture": "#0"},
				"west": {"uv": [10, 3, 13, 6], "rotation": 270, "texture": "#0"},
				"up": {"uv": [13, 3, 16, 6], "rotation": 270, "texture": "#0"},
				"down": {"uv": [13, 3, 16, 6], "rotation": 270, "texture": "#0"}
			}
		}
	],
	"display": {
		"thirdperson_righthand": {
			"rotation": [65, 90, -155],
			"translation": [7, -6.25, -7.5]
		},
		"thirdperson_lefthand": {
			"rotation": [-75, -90, 15],
			"translation": [-7, -6.25, -7.5]
		},
		"firstperson_righthand": {
			"rotation": [-1, 88.5, 4.25],
			"translation": [12, 8.75, -8.5],
			"scale": [1.25, 1.25, 1.25]
		},
		"firstperson_lefthand": {
			"rotation": [-1, -88.5, -4.25],
			"translation": [-6, 8.75, -8.5],
			"scale": [1.25, 1.25, 1.25]
		},
		"ground": {
			"translation": [0, 4, 7]
		},
		"gui": {
			"rotation": [0, 0, 37.5],
			"translation": [-6, 5.5, 0],
			"scale": [0.95, 0.95, 0.95]
		},
		"head": {
			"rotation": [0, 92.5, 0],
			"translation": [11, 6, -18.75],
			"scale": [1.25, 1.25, 1.25]
		},
		"fixed": {
			"rotation": [0, 0, 45],
			"translation": [-5.5, 3.25, 6.25]
		}
	},
	"groups": [
		{
			"name": "group",
			"origin": [0, 0, 0],
			"color": 0,
			"children": [0, 1, 2, 3, 4, 5, 6, 7, 8, 9, 10, 11, 12, 13, 14, 15]
		}
	]
}