{
	"credit": "Made with Blockbench",
	"textures": {
		"2": "magmanetwork:item/server/blackstone_piston_bottom",
		"3": "magmanetwork:item/server/blackstone_piston_side",
		"4": "magmanetwork:item/server/blackstone_piston_inner",
		"particle": "magmanetwork:item/server/blackstone_piston_bottom"
	},
	"elements": [
		{
			"from": [-0.03, -0.03, 3.97],
			"to": [16.01, 16.01, 16.01],
			"faces": {
				"north": {"uv": [0, 0, 16, 16], "texture": "#4"},
				"east": {"uv": [0, 4, 16, 16], "rotation": 90, "texture": "#3", "cullface": "east"},
				"south": {"uv": [0, 0, 16, 16], "texture": "#2", "cullface": "south"},
				"west": {"uv": [0, 4, 16, 16], "rotation": 270, "texture": "#3", "cullface": "west"},
				"up": {"uv": [0, 4, 16, 16], "texture": "#3", "cullface": "up"},
				"down": {"uv": [0, 4, 16, 16], "rotation": 180, "texture": "#3", "cullface": "down"}
			}
		}
	]
}