{
	"credit": "Made with Blockbench",
	"texture_size": [4, 4],
	"textures": {
		"0": "magmanetwork:item/server/gun",
		"1": "magmanetwork:item/server/invisible",
		"particle": "magmanetwork:item/server/gun"
	},
	"elements": [
		{
			"name": "Barrel",
			"from": [7.87111, 4.59384, 2.99974],
			"to": [8.13304, 4.85577, 3.78671],
			"rotation": {"angle": 45, "axis": "z", "origin": [8.00207, 4.7248, 2.30987]},
			"faces": {
				"north": {"uv": [4, 11, 4.125, 11.125], "texture": "#0"},
				"east": {"uv": [1.25, 10.75, 1.625, 10.875], "texture": "#0"},
				"south": {"uv": [4.5, 11, 4.625, 11.125], "texture": "#0"},
				"west": {"uv": [10.75, 2.75, 11.125, 2.875], "texture": "#0"},
				"up": {"uv": [2.125, 11.125, 2, 10.75], "texture": "#0"},
				"down": {"uv": [3.125, 10.75, 3, 11.125], "texture": "#0"}
			}
		},
		{
			"name": "Barrel",
			"from": [7.70826, 5.19276, 2.96819],
			"to": [8.25301, 5.73751, 6.59204],
			"rotation": {"angle": 45, "axis": "z", "origin": [7.93388, 5.51188, 2.26312]},
			"faces": {
				"north": {"uv": [1.75, 6.25, 2, 6.5], "texture": "#0"},
				"east": {"uv": [8.75, 4, 10.5, 4.25], "texture": "#0"},
				"south": {"uv": [1.75, 6.75, 2, 7], "texture": "#0"},
				"west": {"uv": [9, 8.5, 10.75, 8.75], "texture": "#0"},
				"up": {"uv": [3, 9.75, 2.75, 8], "texture": "#0"},
				"down": {"uv": [4.5, 9, 4.25, 10.75], "texture": "#0"}
			}
		},
		{
			"name": "Barrel",
			"from": [7.48334, 4.68471, 6.6174],
			"to": [8.51666, 6.05598, 8.57349],
			"rotation": {"angle": 0, "axis": "y", "origin": [8, 0, 8]},
			"faces": {
				"north": {"uv": [9.25, 7.5, 9.75, 8.125], "texture": "#0"},
				"east": {"uv": [8, 6.5, 9, 7.125], "texture": "#0"},
				"south": {"uv": [6.5, 9.5, 7, 10.125], "texture": "#0"},
				"west": {"uv": [8, 7.5, 9, 8.125], "texture": "#0"},
				"up": {"uv": [2.75, 4.25, 2.25, 3.25], "texture": "#0"},
				"down": {"uv": [4.75, 7.75, 4.25, 8.75], "texture": "#0"}
			}
		},
		{
			"name": "Slide",
			"from": [7.375, 5.03181, 3.00589],
			"to": [8.625, 6.07178, 11.96437],
			"rotation": {"angle": 0, "axis": "y", "origin": [8, 0, 8]},
			"faces": {
				"north": {"uv": [7.25, 9.5, 7.875, 10], "texture": "#0"},
				"east": {"uv": [4, 3, 8.5, 3.5], "texture": "#0"},
				"south": {"uv": [9.75, 3, 10.375, 3.5], "texture": "#0"},
				"west": {"uv": [4, 3.75, 8.5, 4.25], "texture": "#0"},
				"up": {"uv": [3.625, 4.5, 3, 0], "texture": "#0"},
				"down": {"uv": [0.625, 3.25, 0, 7.75], "texture": "#0"}
			}
		},
		{
			"name": "Slide",
			"from": [8.18353, 5.98342, 10.48863],
			"to": [8.57395, 6.3556, 10.91304],
			"rotation": {"angle": 0, "axis": "y", "origin": [8, 0, 8]},
			"faces": {
				"north": {"uv": [10.75, 4, 11, 4.125], "texture": "#0"},
				"east": {"uv": [5.75, 10.75, 6, 10.875], "texture": "#0"},
				"south": {"uv": [7, 10.75, 7.25, 10.875], "texture": "#0"},
				"west": {"uv": [7.5, 10.75, 7.75, 10.875], "texture": "#0"},
				"up": {"uv": [2, 7.5, 1.75, 7.25], "texture": "#0"},
				"down": {"uv": [1, 10.5, 0.75, 10.75], "texture": "#0"}
			}
		},
		{
			"name": "Slide",
			"from": [7.88367, 5.76089, 3.1644],
			"to": [8.11633, 6.35884, 3.53658],
			"rotation": {"angle": 45, "axis": "x", "origin": [7.92112, 5.97309, 3.35049]},
			"faces": {
				"north": {"uv": [9, 10.75, 9.125, 11], "texture": "#0"},
				"east": {"uv": [10.75, 9, 10.875, 9.25], "texture": "#0"},
				"south": {"uv": [10.75, 9.5, 10.875, 9.75], "texture": "#0"},
				"west": {"uv": [10.75, 10, 10.875, 10.25], "texture": "#0"},
				"up": {"uv": [5.125, 11.125, 5, 11], "texture": "#0"},
				"down": {"uv": [6.375, 11, 6.25, 11.125], "texture": "#0"}
			}
		},
		{
			"name": "Slide",
			"from": [7.74563, 6.03863, 10.48863],
			"to": [8.25437, 6.18206, 10.91304],
			"rotation": {"angle": 0, "axis": "y", "origin": [8, 0, 8]},
			"faces": {
				"north": {"uv": [10.75, 10.5, 11, 10.625], "texture": "#0"},
				"east": {"uv": [0, 11, 0.25, 11.125], "texture": "#0"},
				"south": {"uv": [11, 0, 11.25, 0.125], "texture": "#0"},
				"west": {"uv": [0.5, 11, 0.75, 11.125], "texture": "#0"},
				"up": {"uv": [2.75, 10.75, 2.5, 10.5], "texture": "#0"},
				"down": {"uv": [6.75, 10.5, 6.5, 10.75], "texture": "#0"}
			}
		},
		{
			"name": "Slide",
			"from": [7.42605, 5.98342, 10.48863],
			"to": [7.81647, 6.3556, 10.91304],
			"rotation": {"angle": 0, "axis": "y", "origin": [8, 0, 8]},
			"faces": {
				"north": {"uv": [11, 0.5, 11.25, 0.625], "texture": "#0"},
				"east": {"uv": [11, 1, 11.25, 1.125], "texture": "#0"},
				"south": {"uv": [11, 1.5, 11.25, 1.625], "texture": "#0"},
				"west": {"uv": [2.5, 11, 2.75, 11.125], "texture": "#0"},
				"up": {"uv": [10, 10.75, 9.75, 10.5], "texture": "#0"},
				"down": {"uv": [10.5, 10.5, 10.25, 10.75], "texture": "#0"}
			}
		},
		{
			"name": "G17Lower",
			"from": [7.28402, 4.30597, 5.66436],
			"to": [8.71598, 5.02824, 11.04787],
			"rotation": {"angle": 0, "axis": "y", "origin": [8, 0, 8]},
			"faces": {
				"north": {"uv": [9.75, 9, 10.5, 9.375], "texture": "#0"},
				"east": {"uv": [6.25, 0, 9, 0.375], "texture": "#0"},
				"south": {"uv": [9.75, 9.75, 10.5, 10.125], "texture": "#0"},
				"west": {"uv": [6.25, 0.75, 9, 1.125], "texture": "#0"},
				"up": {"uv": [5.75, 7.25, 5, 4.5], "texture": "#0"},
				"down": {"uv": [6, 0, 5.25, 2.75], "texture": "#0"}
			}
		},
		{
			"name": "G17Lower",
			"from": [7.37871, 4.30597, 3.03086],
			"to": [8.6213, 5.02824, 5.71462],
			"rotation": {"angle": 0, "axis": "y", "origin": [8, 0, 8]},
			"faces": {
				"north": {"uv": [1.5, 10, 2.125, 10.375], "texture": "#0"},
				"east": {"uv": [8.25, 1.5, 9.625, 1.875], "texture": "#0"},
				"south": {"uv": [10, 1.5, 10.625, 1.875], "texture": "#0"},
				"west": {"uv": [8.25, 2.25, 9.625, 2.625], "texture": "#0"},
				"up": {"uv": [5.625, 8.875, 5, 7.5], "texture": "#0"},
				"down": {"uv": [3.875, 7.75, 3.25, 9.125], "texture": "#0"}
			}
		},
		{
			"name": "G17Lower",
			"from": [7.28554, 3.16575, 11.16719],
			"to": [8.71447, 3.59037, 12.136],
			"rotation": {"angle": -22.5, "axis": "x", "origin": [8.00473, 3.29445, 7.55968]},
			"faces": {
				"north": {"uv": [4.75, 10, 5.5, 10.25], "texture": "#0"},
				"east": {"uv": [8.25, 9.5, 8.75, 9.75], "texture": "#0"},
				"south": {"uv": [10, 8, 10.75, 8.25], "texture": "#0"},
				"west": {"uv": [2.5, 10, 3, 10.25], "texture": "#0"},
				"up": {"uv": [2.25, 9.75, 1.5, 9.25], "texture": "#0"},
				"down": {"uv": [10, 4.5, 9.25, 5], "texture": "#0"}
			}
		},
		{
			"name": "G17Lower",
			"from": [8, 2.93901, 5.87629],
			"to": [8, 4.83936, 8.90629],
			"rotation": {"angle": 0, "axis": "y", "origin": [8, 0, 8]},
			"faces": {
				"north": {"uv": [4, 9.5, 4, 10.5], "texture": "#0"},
				"east": {"uv": [6, 4.5, 7.5, 5.5], "texture": "#0"},
				"south": {"uv": [9.5, 10.75, 9.5, 11.75], "texture": "#0"},
				"west": {"uv": [6, 5.75, 7.5, 6.75], "texture": "#0"},
				"up": {"uv": [1, 12.5, 1, 11], "texture": "#0"},
				"down": {"uv": [5.5, 11, 5.5, 12.5], "texture": "#0"}
			}
		},
		{
			"name": "G17Lower",
			"from": [7.295, -0.08497, 9.86305],
			"to": [8.705, 1.1392, 12.42331],
			"rotation": {"angle": 0, "axis": "y", "origin": [8, 0, 8]},
			"faces": {
				"north": {"uv": [6, 8.5, 6.75, 9.125], "texture": "#0"},
				"east": {"uv": [7.75, 4.5, 9, 5.125], "texture": "#0"},
				"south": {"uv": [7, 8.5, 7.75, 9.125], "texture": "#0"},
				"west": {"uv": [7.75, 5.5, 9, 6.125], "texture": "#0"},
				"up": {"uv": [7, 2.75, 6.25, 1.5], "texture": "#0"},
				"down": {"uv": [6.75, 7, 6, 8.25], "texture": "#0"}
			}
		},
		{
			"name": "G17Lower",
			"from": [7.29575, 2.91785, 10.4019],
			"to": [8.70425, 4.66919, 11.29642],
			"rotation": {"angle": 0, "axis": "y", "origin": [8, 0, 8]},
			"faces": {
				"north": {"uv": [0, 8, 0.75, 8.875], "texture": "#0"},
				"east": {"uv": [9, 9, 9.5, 9.875], "texture": "#0"},
				"south": {"uv": [1.75, 8, 2.5, 8.875], "texture": "#0"},
				"west": {"uv": [0, 9.25, 0.5, 10.125], "texture": "#0"},
				"up": {"uv": [5.5, 9.75, 4.75, 9.25], "texture": "#0"},
				"down": {"uv": [10, 5.25, 9.25, 5.75], "texture": "#0"}
			}
		},
		{
			"name": "G17Lower",
			"from": [7.28402, 4.54783, 11.00146],
			"to": [8.71598, 5.02824, 11.96289],
			"rotation": {"angle": 0, "axis": "y", "origin": [8, 0, 8]},
			"faces": {
				"north": {"uv": [10.25, 4.5, 11, 4.75], "texture": "#0"},
				"east": {"uv": [8.25, 10, 8.75, 10.25], "texture": "#0"},
				"south": {"uv": [10.25, 5, 11, 5.25], "texture": "#0"},
				"west": {"uv": [7.25, 10.25, 7.75, 10.5], "texture": "#0"},
				"up": {"uv": [10, 6.5, 9.25, 6], "texture": "#0"},
				"down": {"uv": [10, 6.75, 9.25, 7.25], "texture": "#0"}
			}
		},
		{
			"name": "G17Lower",
			"from": [7.295, 4.52596, 10.49446],
			"to": [8.705, 5.01548, 11.67088],
			"rotation": {"angle": -45, "axis": "x", "origin": [8.00284, 4.65277, 11.43763]},
			"faces": {
				"north": {"uv": [10.25, 5.5, 11, 5.75], "texture": "#0"},
				"east": {"uv": [10.25, 6.5, 10.875, 6.75], "texture": "#0"},
				"south": {"uv": [10.25, 6, 11, 6.25], "texture": "#0"},
				"west": {"uv": [10.25, 7, 10.875, 7.25], "texture": "#0"},
				"up": {"uv": [8.75, 9.125, 8, 8.5], "texture": "#0"},
				"down": {"uv": [9.5, 3, 8.75, 3.625], "texture": "#0"}
			}
		},
		{
			"name": "G17Lower",
			"from": [7.29325, -0.31629, 9.08608],
			"to": [8.70675, 5.59555, 11.5053],
			"rotation": {"angle": -22.5, "axis": "x", "origin": [8.00649, 2.74401, 10.46529]},
			"faces": {
				"north": {"uv": [4, 4.5, 4.75, 7.5], "texture": "#0"},
				"east": {"uv": [0, 0, 1.25, 3], "texture": "#0"},
				"south": {"uv": [2.25, 4.75, 3, 7.75], "texture": "#0"},
				"west": {"uv": [1.5, 0, 2.75, 3], "texture": "#0"},
				"up": {"uv": [7.75, 8.25, 7, 7], "texture": "#0"},
				"down": {"uv": [8, 1.5, 7.25, 2.75], "texture": "#0"}
			}
		},
		{
			"name": "G17Lower",
			"from": [7.3, 0.00245, 12.2665],
			"to": [8.7, 0.63125, 12.6058],
			"rotation": {"angle": 22.5, "axis": "x", "origin": [8.01698, 0.28756, 12.41065]},
			"faces": {
				"north": {"uv": [10, 0, 10.75, 0.375], "texture": "#0"},
				"east": {"uv": [10.75, 3.25, 10.875, 3.625], "texture": "#0"},
				"south": {"uv": [10, 0.75, 10.75, 1.125], "texture": "#0"},
				"west": {"uv": [3.5, 10.75, 3.625, 11.125], "texture": "#0"},
				"up": {"uv": [5.5, 10.625, 4.75, 10.5], "texture": "#0"},
				"down": {"uv": [8.75, 10.5, 8, 10.625], "texture": "#0"}
			}
		},
		{
			"name": "Mag",
			"from": [7.46501, -0.51191, 10.07084],
			"to": [8.53498, -0.03553, 11.86453],
			"rotation": {"angle": 0, "axis": "y", "origin": [8, 0, 8]},
			"faces": {
				"north": {"uv": [9, 10.25, 9.5, 10.5], "texture": "#0"},
				"east": {"uv": [10, 2.25, 10.875, 2.5], "texture": "#0"},
				"south": {"uv": [0, 10.5, 0.5, 10.75], "texture": "#0"},
				"west": {"uv": [10, 7.5, 10.875, 7.75], "texture": "#0"},
				"up": {"uv": [9.75, 0.875, 9.25, 0], "texture": "#0"},
				"down": {"uv": [1.25, 9.25, 0.75, 10.125], "texture": "#0"}
			}
		},
		{
			"name": "Mag",
			"from": [7.58969, -0.33046, 9.50647],
			"to": [8.4103, 5.00098, 11.13803],
			"rotation": {"angle": -22.5, "axis": "x", "origin": [7.87728, 2.37208, 10.32225]},
			"faces": {
				"north": {"uv": [3.25, 4.75, 3.625, 7.375], "texture": "#0"},
				"east": {"uv": [1, 3.25, 1.875, 5.875], "texture": "#0"},
				"south": {"uv": [1, 6.25, 1.375, 8.875], "texture": "#0"},
				"west": {"uv": [4, 0, 4.875, 2.625], "texture": "#0"},
				"up": {"uv": [3.625, 10.375, 3.25, 9.5], "texture": "#0"},
				"down": {"uv": [6.125, 9.5, 5.75, 10.375], "texture": "#0"}
			}
		},
		{
			"from": [6, 3.5, 3],
			"to": [10, 7.5, 3],
			"rotation": {"angle": 0, "axis": "y", "origin": [8, 3.5, 3]},
			"faces": {
				"north": {"uv": [0, 0, 8, 8], "texture": "#1"},
				"east": {"uv": [0, 0, 0, 8], "texture": "#1"},
				"south": {"uv": [0, 0, 8, 8], "texture": "#1"},
				"west": {"uv": [0, 0, 0, 8], "texture": "#1"},
				"up": {"uv": [8, 0, 0, 0], "texture": "#1"},
				"down": {"uv": [8, 0, 0, 0], "texture": "#1"}
			}
		}
	],
	"display": {
		"thirdperson_righthand": {
			"translation": [0, 5.5, -1]
		},
		"thirdperson_lefthand": {
			"translation": [0, 5.5, -1]
		},
		"firstperson_righthand": {
			"translation": [0, 3.5, 0]
		},
		"firstperson_lefthand": {
			"translation": [0, 3.5, 0]
		},
		"ground": {
			"translation": [0, 5, 0]
		},
		"gui": {
			"rotation": [30, 225, 0],
			"translation": [0, 5, 0],
			"scale": [1.5, 1.5, 1.5]
		},
		"fixed": {
			"rotation": [0, -92, 0]
		}
	},
	"groups": [
		{
			"name": "g17",
			"origin": [8, 0, 8],
			"color": 0,
			"children": [
				{
					"name": "Barrel",
					"origin": [8.00207, 5.51188, 2.26312],
					"color": 1,
					"children": [
						0,
						1,
						2,
						{
							"name": "Slide",
							"origin": [7.86271, 5.90172, -6.29822],
							"color": 2,
							"children": [3, 4, 5, 6, 7]
						}
					]
				},
				{
					"name": "G17Lower",
					"origin": [8.00374, 0.28756, 12.41065],
					"color": 3,
					"children": [8, 9, 10, 11, 12, 13, 14, 15, 16, 17]
				},
				{
					"name": "Mag",
					"origin": [8, 0.45495, 10.75401],
					"color": 4,
					"children": [18, 19]
				}
			]
		},
		20
	]
}