{
	"credit": "Made with Blockbench",
	"textures": {
		"layer1": "magmanetwork:item/server/sleeping_bag"
	},
	"elements": [
		{
			"from": [0, 0, -16],
			"to": [16, 3, 16],
			"faces": {
				"north": {"uv": [4.5, 2, 8.5, 2.75], "rotation": 180, "texture": "#layer1", "tintindex": 1},
				"east": {"uv": [8.5, 2.75, 9.25, 10.75], "rotation": 90, "texture": "#layer1", "tintindex": 1},
				"south": {"uv": [4.5, 10.75, 8.5, 11.5], "texture": "#layer1", "tintindex": 1},
				"west": {"uv": [8.5, 10.75, 9.25, 2.75], "rotation": 90, "texture": "#layer1", "tintindex": 1},
				"up": {"uv": [4.5, 2.75, 8.5, 10.75], "texture": "#layer1", "tintindex": 1},
				"down": {"uv": [3.25, 3.5, 3.75, 4], "texture": "#layer1", "tintindex": 1}
			}
		},
		{
			"from": [1.99, 2.99, -13.01],
			"to": [14.01, 3.01, -7.99],
			"rotation": {"angle": 0, "axis": "y", "origin": [0, -0.25, 0]},
			"faces": {
				"up": {"uv": [6.75, 0.5, 9.75, 1.75], "texture": "#layer1"}
			}
		}
	],
	"display": {
		"thirdperson_righthand": {
			"rotation": [55, -20, 0],
			"translation": [0, 0.5, 2.25],
			"scale": [0.2, 0.2, 0.2]
		},
		"thirdperson_lefthand": {
			"rotation": [55, -20, 0],
			"translation": [0, 0.5, 2.25],
			"scale": [0.2, 0.2, 0.2]
		},
		"firstperson_righthand": {
			"rotation": [12, -42, 0],
			"translation": [7, 0.75, -3.75]
		},
		"firstperson_lefthand": {
			"rotation": [12, -43, 0],
			"translation": [7, 0.75, -3.75]
		},
		"ground": {
			"translation": [0, 4.5, 2.25],
			"scale": [0.2, 0.2, 0.2]
		},
		"gui": {
			"rotation": [35, -30, 0],
			"translation": [-2, 0.5, 0],
			"scale": [0.5, 0.5, 0.5]
		},
		"head": {
			"rotation": [90, 0, 180],
			"translation": [0, -30, -6],
			"scale": [1.6, 1.6, 1.6]
		},
		"fixed": {
			"rotation": [180, 0, 180],
			"translation": [0, 0, -8]
		}
	}
}