{
	"credit": "Made with Blockbench",
	"ambientocclusion": false,
	"texture_size": [32, 32],
	"textures": {
		"5": "magmanetwork:item/server/trick_or_treat/handle",
		"6": "magmanetwork:item/server/trick_or_treat/lollies",
		"top": "block/cauldron_top",
		"bottom": "block/cauldron_bottom",
		"particle": "block/cauldron_side",
		"side": "block/cauldron_side",
		"inside": "block/cauldron_inner"
	},
	"elements": [
		{
			"from": [0, 3, 0],
			"to": [2, 16, 16],
			"faces": {
				"north": {"uv": [14, 0, 16, 13], "texture": "#side", "cullface": "north"},
				"east": {"uv": [0, 0, 16, 13], "texture": "#side"},
				"south": {"uv": [0, 0, 2, 13], "texture": "#side", "cullface": "south"},
				"west": {"uv": [0, 0, 16, 13], "texture": "#side", "cullface": "west"},
				"up": {"uv": [0, 0, 2, 16], "texture": "#top", "cullface": "up"},
				"down": {"uv": [0, 0, 2, 16], "texture": "#inside"}
			}
		},
		{
			"from": [2, 3, 2],
			"to": [14, 4, 14],
			"faces": {
				"up": {"uv": [2, 2, 14, 14], "texture": "#inside"},
				"down": {"uv": [2, 2, 14, 14], "texture": "#inside"}
			}
		},
		{
			"from": [14, 3, 0],
			"to": [16, 16, 16],
			"faces": {
				"north": {"uv": [0, 0, 2, 13], "texture": "#side", "cullface": "north"},
				"east": {"uv": [0, 0, 16, 13], "texture": "#side", "cullface": "east"},
				"south": {"uv": [14, 0, 16, 13], "texture": "#side", "cullface": "south"},
				"west": {"uv": [0, 0, 16, 13], "texture": "#side"},
				"up": {"uv": [14, 0, 16, 16], "texture": "#top", "cullface": "up"},
				"down": {"uv": [14, 0, 16, 16], "texture": "#inside"}
			}
		},
		{
			"from": [2, 3, 0],
			"to": [14, 16, 2],
			"faces": {
				"north": {"uv": [2, 0, 14, 13], "texture": "#side", "cullface": "north"},
				"south": {"uv": [2, 0, 14, 13], "texture": "#side"},
				"up": {"uv": [2, 0, 14, 2], "texture": "#top", "cullface": "up"},
				"down": {"uv": [2, 14, 14, 16], "texture": "#inside"}
			}
		},
		{
			"from": [2, 3, 14],
			"to": [14, 16, 16],
			"rotation": {"angle": 0, "axis": "y", "origin": [8, 9.5, 15]},
			"faces": {
				"north": {"uv": [2, 0, 14, 13], "texture": "#side"},
				"south": {"uv": [2, 0, 14, 13], "texture": "#side", "cullface": "north"},
				"up": {"uv": [2, 0, 14, 2], "rotation": 180, "texture": "#top", "cullface": "up"},
				"down": {"uv": [2, 14, 14, 16], "rotation": 180, "texture": "#inside"}
			}
		},
		{
			"from": [0, 0, 0],
			"to": [4, 3, 2],
			"faces": {
				"north": {"uv": [12, 13, 16, 16], "texture": "#side", "cullface": "north"},
				"east": {"uv": [14, 13, 16, 16], "texture": "#side"},
				"south": {"uv": [0, 13, 4, 16], "texture": "#side"},
				"west": {"uv": [0, 13, 2, 16], "texture": "#side", "cullface": "west"},
				"down": {"uv": [0, 14, 4, 16], "texture": "#bottom", "cullface": "down"}
			}
		},
		{
			"from": [0, 0, 2],
			"to": [2, 3, 4],
			"faces": {
				"east": {"uv": [12, 13, 14, 16], "texture": "#side"},
				"south": {"uv": [0, 13, 2, 16], "texture": "#side"},
				"west": {"uv": [2, 13, 4, 16], "texture": "#side", "cullface": "west"},
				"down": {"uv": [0, 12, 2, 14], "texture": "#bottom", "cullface": "down"}
			}
		},
		{
			"from": [12, 0, 0],
			"to": [16, 3, 2],
			"faces": {
				"north": {"uv": [0, 13, 4, 16], "texture": "#side", "cullface": "north"},
				"east": {"uv": [14, 13, 16, 16], "texture": "#side", "cullface": "east"},
				"south": {"uv": [12, 13, 16, 16], "texture": "#side"},
				"west": {"uv": [0, 13, 2, 16], "texture": "#side"},
				"down": {"uv": [12, 14, 16, 16], "texture": "#bottom", "cullface": "down"}
			}
		},
		{
			"from": [14, 0, 2],
			"to": [16, 3, 4],
			"faces": {
				"east": {"uv": [12, 13, 14, 16], "texture": "#side", "cullface": "east"},
				"south": {"uv": [14, 13, 16, 16], "texture": "#side"},
				"west": {"uv": [2, 13, 4, 16], "texture": "#side"},
				"down": {"uv": [14, 12, 16, 14], "texture": "#bottom", "cullface": "down"}
			}
		},
		{
			"from": [0, 0, 14],
			"to": [4, 3, 16],
			"faces": {
				"north": {"uv": [12, 13, 16, 16], "texture": "#side"},
				"east": {"uv": [0, 13, 2, 16], "texture": "#side"},
				"south": {"uv": [0, 13, 4, 16], "texture": "#side", "cullface": "south"},
				"west": {"uv": [14, 13, 16, 16], "texture": "#side", "cullface": "west"},
				"down": {"uv": [0, 0, 4, 2], "texture": "#bottom", "cullface": "down"}
			}
		},
		{
			"from": [0, 0, 12],
			"to": [2, 3, 14],
			"faces": {
				"north": {"uv": [14, 13, 16, 16], "texture": "#side"},
				"east": {"uv": [2, 13, 4, 16], "texture": "#side"},
				"west": {"uv": [12, 13, 14, 16], "texture": "#side", "cullface": "west"},
				"down": {"uv": [0, 2, 2, 4], "texture": "#bottom", "cullface": "down"}
			}
		},
		{
			"from": [12, 0, 14],
			"to": [16, 3, 16],
			"faces": {
				"north": {"uv": [0, 13, 4, 16], "texture": "#side"},
				"east": {"uv": [0, 13, 2, 16], "texture": "#side", "cullface": "east"},
				"south": {"uv": [12, 13, 16, 16], "texture": "#side", "cullface": "south"},
				"west": {"uv": [14, 13, 16, 16], "texture": "#side"},
				"down": {"uv": [12, 0, 16, 2], "texture": "#bottom", "cullface": "down"}
			}
		},
		{
			"from": [14, 0, 12],
			"to": [16, 3, 14],
			"faces": {
				"north": {"uv": [0, 13, 2, 16], "texture": "#side"},
				"east": {"uv": [2, 13, 4, 16], "texture": "#side", "cullface": "east"},
				"west": {"uv": [12, 13, 14, 16], "texture": "#side"},
				"down": {"uv": [14, 2, 16, 4], "texture": "#bottom", "cullface": "down"}
			}
		},
		{
			"from": [0, 16, 7],
			"to": [0, 24, 9],
			"faces": {
				"north": {"uv": [0, 0, 0, 8], "texture": "#5"},
				"east": {"uv": [4, 4, 6, 12], "texture": "#5"},
				"south": {"uv": [0, 0, 0, 8], "texture": "#5"},
				"west": {"uv": [6, 4, 8, 12], "texture": "#5"},
				"up": {"uv": [0, 2, 0, 0], "texture": "#5"},
				"down": {"uv": [0, 0, 0, 2], "texture": "#5"}
			}
		},
		{
			"from": [16, 16, 7],
			"to": [16, 24, 9],
			"faces": {
				"north": {"uv": [0, 0, 0, 8], "texture": "#5"},
				"east": {"uv": [0, 4, 2, 12], "texture": "#5"},
				"south": {"uv": [0, 0, 0, 8], "texture": "#5"},
				"west": {"uv": [2, 4, 4, 12], "texture": "#5"},
				"up": {"uv": [0, 2, 0, 0], "texture": "#5"},
				"down": {"uv": [0, 0, 0, 2], "texture": "#5"}
			}
		},
		{
			"from": [0, 24, 7],
			"to": [16, 24, 9],
			"faces": {
				"north": {"uv": [0, 0, 16, 0], "texture": "#5"},
				"east": {"uv": [0, 0, 2, 0], "texture": "#5"},
				"south": {"uv": [0, 0, 16, 0], "texture": "#5"},
				"west": {"uv": [0, 0, 2, 0], "texture": "#5"},
				"up": {"uv": [16, 2, 0, 0], "texture": "#5"},
				"down": {"uv": [16, 2, 0, 4], "texture": "#5"}
			}
		},
		{
			"name": "Lollies",
			"from": [2, 3, 2],
			"to": [14, 4, 14],
			"faces": {
				"north": {"uv": [6, 0, 12, 0.5], "texture": "#6"},
				"east": {"uv": [6, 0.5, 12, 1], "texture": "#6"},
				"south": {"uv": [6, 1, 12, 1.5], "texture": "#6"},
				"west": {"uv": [6, 1.5, 12, 2], "texture": "#6"},
				"up": {"uv": [6, 6, 0, 0], "texture": "#6"},
				"down": {"uv": [6, 6, 0, 12], "texture": "#6"}
			}
		}
	],
	"display": {
		"thirdperson_righthand": {
			"rotation": [70, 0, 0],
			"translation": [0, -4, -7.25],
			"scale": [0.5, 0.5, 0.5]
		},
		"thirdperson_lefthand": {
			"rotation": [70, 0, 0],
			"translation": [0, -4, -7.25],
			"scale": [0.5, 0.5, 0.5]
		},
		"firstperson_righthand": {
			"translation": [3.25, -1.25, 0],
			"scale": [0.3, 0.3, 0.3]
		},
		"firstperson_lefthand": {
			"translation": [3.25, -1.25, 0],
			"scale": [0.3, 0.3, 0.3]
		},
		"ground": {
			"translation": [0, 1, 0],
			"scale": [0.5, 0.5, 0.5]
		},
		"gui": {
			"rotation": [30, 225, 0],
			"translation": [0, -1.25, 0],
			"scale": [0.525, 0.525, 0.525]
		}
	},
	"groups": [
		{
			"name": "Root",
			"origin": [8, 8, 8],
			"color": 0,
			"nbt": "{}",
			"children": [
				{
					"name": "Cauldron",
					"origin": [0, 0, 0],
					"color": 0,
					"nbt": "{}",
					"children": [0, 1, 2, 3, 4, 5, 6, 7, 8, 9, 10, 11, 12]
				},
				{
					"name": "Handle",
					"origin": [8, 8, 8],
					"color": 0,
					"nbt": "{}",
					"children": [13, 14, 15]
				},
				16
			]
		}
	]
}