{
	"credit": "Made with Blockbench",
	"textures": {
		"1": "minecraft:gui/container/generic_54"
	},
	"elements": [
		{
			"from": [-16, 0, 0],
			"to": [32, 8, 2],
			"faces": {
				"north": {"uv": [7, 0.5, 10, 0.5], "texture": "#1"},
				"east": {"uv": [7, 0.5, 10, 0.5], "texture": "#1"},
				"south": {"uv": [7, 0.5, 10, 0.5], "texture": "#1"},
				"west": {"uv": [7, 0.5, 10, 0.5], "texture": "#1"},
				"up": {"uv": [7, 0.5, 10, 0.5], "texture": "#1"},
				"down": {"uv": [7, 0.5, 10, 0.5], "texture": "#1"}
			}
		}
	],
	"gui_light": "front",
	"display": {
		"gui": {
			"rotation": [0, 180, 0],
			"translation": [30, -10, 80],
			"scale": [2.3, 2, 2]
		}
	}
}