{
	"credit": "Made with Blockbench",
	"parent": "minecraft:item/carved_pumpkin",
	"texture_size": [128, 128],
	"textures": {
		"2": "magmanetwork:item/players/daniel99j/pirate_hat",
		"particle": "magmanetwork:item/players/daniel99j/pirate_hat"
	},
	"elements": [
		{
			"from": [0, 0, 3],
			"to": [16, 0, 15],
			"faces": {
				"north": {"uv": [0, 0, 2, 0], "texture": "#2"},
				"east": {"uv": [0, 0, 1.5, 0], "texture": "#2"},
				"south": {"uv": [0, 0, 2, 0], "texture": "#2"},
				"west": {"uv": [0, 0, 1.5, 0], "texture": "#2"},
				"up": {"uv": [2, 1.5, 0, 0], "texture": "#2"},
				"down": {"uv": [2, 1.5, 0, 3], "texture": "#2"}
			}
		},
		{
			"from": [3, -1, 4],
			"to": [13, 4, 14],
			"faces": {
				"north": {"uv": [6.75, 4.875, 8, 5.5], "texture": "#2"},
				"east": {"uv": [6.75, 5.5, 8, 6.125], "texture": "#2"},
				"south": {"uv": [6.75, 4.875, 8, 5.5], "texture": "#2"},
				"west": {"uv": [8, 5.5, 6.75, 6.125], "texture": "#2"},
				"up": {"uv": [5.25, 5.75, 4, 4.5], "texture": "#2"},
				"down": {"uv": [6, 0, 4.75, 1.25], "texture": "#2"}
			}
		},
		{
			"from": [16, 0, 3],
			"to": [16, 5, 15],
			"faces": {
				"north": {"uv": [0, 0, 0, 0.625], "texture": "#2"},
				"east": {"uv": [6, 0, 7.5, 0.625], "texture": "#2"},
				"south": {"uv": [0, 0, 0, 0.625], "texture": "#2"},
				"west": {"uv": [7.5, 0, 6, 0.625], "texture": "#2"},
				"up": {"uv": [0, 1.5, 0, 0], "texture": "#2"},
				"down": {"uv": [0, 0, 0, 1.5], "texture": "#2"}
			}
		},
		{
			"from": [14.8, -1.25, 7],
			"to": [14.8, 10.75, 17],
			"rotation": {"angle": 22.5, "axis": "y", "origin": [14.8, 4.75, 12]},
			"faces": {
				"north": {"uv": [0, 0, 0, 1.5], "texture": "#2"},
				"east": {"uv": [3.5, 3, 4.75, 4.5], "texture": "#2"},
				"south": {"uv": [0, 0, 0, 1.5], "texture": "#2"},
				"west": {"uv": [4.75, 3, 3.5, 4.5], "texture": "#2"},
				"up": {"uv": [0, 1.25, 0, 0], "texture": "#2"},
				"down": {"uv": [0, 0, 0, 1.25], "texture": "#2"}
			}
		},
		{
			"from": [0, 0, 3],
			"to": [0, 5, 15],
			"faces": {
				"north": {"uv": [0, 0, 0, 0.625], "texture": "#2"},
				"east": {"uv": [6, 0, 7.5, 0.625], "texture": "#2"},
				"south": {"uv": [0, 0, 0, 0.625], "texture": "#2"},
				"west": {"uv": [7.5, 0, 6, 0.625], "texture": "#2"},
				"up": {"uv": [0, 1.5, 0, 0], "texture": "#2"},
				"down": {"uv": [0, 0, 0, 1.5], "texture": "#2"}
			}
		},
		{
			"from": [0, 0, 3],
			"to": [16, 6, 3],
			"faces": {
				"north": {"uv": [4.75, 1.25, 6.75, 2], "texture": "#2"},
				"east": {"uv": [0, 0, 0, 0.75], "texture": "#2"},
				"south": {"uv": [4.75, 1.25, 6.75, 2], "texture": "#2"},
				"west": {"uv": [0, 0, 0, 0.75], "texture": "#2"},
				"up": {"uv": [2, 0, 0, 0], "texture": "#2"},
				"down": {"uv": [2, 0, 0, 0], "texture": "#2"}
			}
		},
		{
			"from": [0, 0, 15],
			"to": [16, 5, 15],
			"faces": {
				"north": {"uv": [4.75, 3.375, 6.75, 4], "texture": "#2"},
				"east": {"uv": [0, 0, 0, 0.625], "texture": "#2"},
				"south": {"uv": [4.75, 3.375, 6.75, 4], "texture": "#2"},
				"west": {"uv": [0, 0, 0, 0.625], "texture": "#2"},
				"up": {"uv": [2, 0, 0, 0], "texture": "#2"},
				"down": {"uv": [2, 0, 0, 0], "texture": "#2"}
			}
		}
	],
	"gui_light": "front",
	"display": {
		"thirdperson_righthand": {
			"rotation": [75, 45, 0],
			"translation": [0, 2.5, 0],
			"scale": [0.375, 0.375, 0.375]
		},
		"thirdperson_lefthand": {
			"rotation": [75, 45, 0],
			"translation": [0, 2.5, 0],
			"scale": [0.375, 0.375, 0.375]
		},
		"firstperson_righthand": {
			"rotation": [0, 45, 0],
			"translation": [0, 4.5, 0],
			"scale": [0.4, 0.4, 0.4]
		},
		"firstperson_lefthand": {
			"rotation": [0, 225, 0],
			"translation": [0, 4.5, 0],
			"scale": [0.4, 0.4, 0.4]
		},
		"ground": {
			"translation": [0, 3, 0],
			"scale": [0.25, 0.25, 0.25]
		},
		"gui": {
			"rotation": [30, 225, 0],
			"scale": [0.625, 0.625, 0.625]
		},
		"head": {
			"rotation": [8, 0, 0],
			"translation": [0, 15.75, 0.5],
			"scale": [1.6, 1.6, 1.6]
		},
		"fixed": {
			"rotation": [-90, 0, 0],
			"translation": [0, 0, -15.25],
			"scale": [1.7, 1.7, 1.7]
		}
	},
	"groups": [
		{
			"name": "group",
			"origin": [8, 8, 8],
			"color": 0,
			"nbt": "{}",
			"children": [
				{
					"name": "group",
					"origin": [8, 8, 8],
					"color": 0,
					"nbt": "{}",
					"children": [0, 1, 2, 3, 4, 5, 6]
				}
			]
		}
	]
}