{
	"credit": "Made with Blockbench",
	"texture_size": [64, 64],
	"textures": {
		"0": "magmanetwork:item/players/daniel99j/hat",
		"particle": "magmanetwork:item/players/daniel99j/hat"
	},
	"elements": [
		{
			"from": [3, 5, 3],
			"to": [13, 5, 13],
			"rotation": {"angle": 0, "axis": "y", "origin": [3, 5, 3]},
			"faces": {
				"north": {"uv": [0, 0, 2.5, 0], "texture": "#0"},
				"east": {"uv": [0, 0, 2.5, 0], "texture": "#0"},
				"south": {"uv": [0, 0, 2.5, 0], "texture": "#0"},
				"west": {"uv": [0, 0, 2.5, 0], "texture": "#0"},
				"up": {"uv": [2.5, 2.5, 0, 0], "texture": "#0"},
				"down": {"uv": [2.5, 2.5, 0, 5], "texture": "#0"}
			}
		},
		{
			"from": [3, 2, 3],
			"to": [13, 2, 13],
			"rotation": {"angle": 0, "axis": "y", "origin": [3, 2, 3]},
			"faces": {
				"north": {"uv": [0, 0, 2.5, 0], "texture": "#0"},
				"east": {"uv": [0, 0, 2.5, 0], "texture": "#0"},
				"south": {"uv": [0, 0, 2.5, 0], "texture": "#0"},
				"west": {"uv": [0, 0, 2.5, 0], "texture": "#0"},
				"up": {"uv": [5, 2.5, 2.5, 0], "texture": "#0"},
				"down": {"uv": [5, 2.5, 2.5, 5], "texture": "#0"}
			}
		},
		{
			"from": [3, 1.75, 3],
			"to": [4.25, 5, 13],
			"rotation": {"angle": -22.5, "axis": "z", "origin": [3, 5, 8]},
			"faces": {
				"north": {"uv": [4.75, 9.25, 5, 10], "texture": "#0"},
				"east": {"uv": [2.25, 6.25, 4.75, 7], "texture": "#0"},
				"south": {"uv": [5, 9.25, 5.25, 10], "texture": "#0"},
				"west": {"uv": [4.75, 6.25, 7.25, 7], "texture": "#0"},
				"up": {"uv": [7.25, 10.25, 7, 7.75], "texture": "#0"},
				"down": {"uv": [8.25, 8.5, 8, 11], "texture": "#0"}
			}
		},
		{
			"from": [11.75, 1.75, 3],
			"to": [13, 5, 13],
			"rotation": {"angle": 22.5, "axis": "z", "origin": [13, 5, 8]},
			"faces": {
				"north": {"uv": [5.75, 9.25, 6, 10], "texture": "#0"},
				"east": {"uv": [4.75, 7, 7.25, 7.75], "texture": "#0"},
				"south": {"uv": [6, 9.25, 6.25, 10], "texture": "#0"},
				"west": {"uv": [7.25, 6.25, 9.75, 7], "texture": "#0"},
				"up": {"uv": [8.5, 11, 8.25, 8.5], "texture": "#0"},
				"down": {"uv": [8.75, 8.5, 8.5, 11], "texture": "#0"}
			}
		},
		{
			"from": [3, 1.75, 3],
			"to": [13, 5, 4.25],
			"rotation": {"angle": 22.5, "axis": "x", "origin": [9, 5, 3]},
			"faces": {
				"north": {"uv": [5.75, 3, 8.25, 3.75], "texture": "#0"},
				"east": {"uv": [6.75, 8.75, 7, 9.5], "texture": "#0"},
				"south": {"uv": [5.75, 4.75, 8.25, 5.5], "texture": "#0"},
				"west": {"uv": [4.5, 9.25, 4.75, 10], "texture": "#0"},
				"up": {"uv": [8.25, 4, 5.75, 3.75], "texture": "#0"},
				"down": {"uv": [10.75, 5.25, 8.25, 5.5], "texture": "#0"}
			}
		},
		{
			"from": [3, 1.75, 11.75],
			"to": [13, 5, 13],
			"rotation": {"angle": -22.5, "axis": "x", "origin": [8, 5, 13]},
			"faces": {
				"north": {"uv": [6.25, 5.5, 8.75, 6.25], "texture": "#0"},
				"east": {"uv": [5.25, 9.25, 5.5, 10], "texture": "#0"},
				"south": {"uv": [2.25, 7, 4.75, 7.75], "texture": "#0"},
				"west": {"uv": [5.5, 9.25, 5.75, 10], "texture": "#0"},
				"up": {"uv": [11, 4.25, 8.5, 4], "texture": "#0"},
				"down": {"uv": [11, 4.25, 8.5, 4.5], "texture": "#0"}
			}
		},
		{
			"from": [14.5, 0.5, 0],
			"to": [17, 2.5, 16],
			"rotation": {"angle": 22.5, "axis": "z", "origin": [16, 1.5, 8]},
			"faces": {
				"north": {"uv": [4.5, 8.75, 5.25, 9.25], "texture": "#0"},
				"east": {"uv": [5.75, 1.5, 9.75, 2], "texture": "#0"},
				"south": {"uv": [5.25, 8.75, 6, 9.25], "texture": "#0"},
				"west": {"uv": [5.75, 2, 9.75, 2.5], "texture": "#0"},
				"up": {"uv": [0.75, 9, 0, 5], "texture": "#0"},
				"down": {"uv": [5.75, 0, 5, 4], "texture": "#0"}
			}
		},
		{
			"from": [-1, -0.5, 0],
			"to": [1.5, 1.5, 16],
			"rotation": {"angle": 22.5, "axis": "z", "origin": [0, 0.5, 8]},
			"faces": {
				"north": {"uv": [8.75, 5.5, 9.5, 6], "texture": "#0"},
				"east": {"uv": [2.25, 5.75, 6.25, 6.25], "texture": "#0"},
				"south": {"uv": [6, 8.75, 6.75, 9.25], "texture": "#0"},
				"west": {"uv": [5.75, 2.5, 9.75, 3], "texture": "#0"},
				"up": {"uv": [1.5, 9, 0.75, 5], "texture": "#0"},
				"down": {"uv": [2.25, 5, 1.5, 9], "texture": "#0"}
			}
		},
		{
			"from": [0.99, -0.01, -0.01],
			"to": [15.01, 2.01, 3.01],
			"rotation": {"angle": 0, "axis": "y", "origin": [1, 0, 0]},
			"faces": {
				"north": {"uv": [8, 7, 11.5, 7.5], "texture": "#0"},
				"east": {"uv": [8.75, 8.5, 9.5, 9], "texture": "#0"},
				"south": {"uv": [8, 7.5, 11.5, 8], "texture": "#0"},
				"west": {"uv": [0, 9, 0.75, 9.5], "texture": "#0"},
				"up": {"uv": [5.75, 5.75, 2.25, 5], "texture": "#0"},
				"down": {"uv": [8.5, 4, 5, 4.75], "texture": "#0"}
			}
		},
		{
			"from": [0.99, -0.01, 12.99],
			"to": [15.01, 2.01, 16.01],
			"rotation": {"angle": 0, "axis": "y", "origin": [1, 0, 13]},
			"faces": {
				"north": {"uv": [8, 8, 11.5, 8.5], "texture": "#0"},
				"east": {"uv": [0.75, 9, 1.5, 9.5], "texture": "#0"},
				"south": {"uv": [8.25, 3, 11.75, 3.5], "texture": "#0"},
				"west": {"uv": [1.5, 9, 2.25, 9.5], "texture": "#0"},
				"up": {"uv": [9.25, 0.75, 5.75, 0], "texture": "#0"},
				"down": {"uv": [9.25, 0.75, 5.75, 1.5], "texture": "#0"}
			}
		},
		{
			"from": [1, 0, 3],
			"to": [4, 2, 13],
			"rotation": {"angle": 0, "axis": "y", "origin": [1, 0, 3]},
			"faces": {
				"north": {"uv": [8.75, 9, 9.5, 9.5], "texture": "#0"},
				"east": {"uv": [4.5, 7.75, 7, 8.25], "texture": "#0"},
				"south": {"uv": [9.25, 0, 10, 0.5], "texture": "#0"},
				"west": {"uv": [8.25, 3.5, 10.75, 4], "texture": "#0"},
				"up": {"uv": [8, 9.5, 7.25, 7], "texture": "#0"},
				"down": {"uv": [3, 7.75, 2.25, 10.25], "texture": "#0"}
			}
		},
		{
			"from": [12, 0, 3],
			"to": [15, 2, 13],
			"rotation": {"angle": 0, "axis": "y", "origin": [12, 0, 3]},
			"faces": {
				"north": {"uv": [9.25, 0.5, 10, 1], "texture": "#0"},
				"east": {"uv": [4.5, 8.25, 7, 8.75], "texture": "#0"},
				"south": {"uv": [9.25, 1, 10, 1.5], "texture": "#0"},
				"west": {"uv": [8.25, 4.75, 10.75, 5.25], "texture": "#0"},
				"up": {"uv": [3.75, 10.25, 3, 7.75], "texture": "#0"},
				"down": {"uv": [4.5, 7.75, 3.75, 10.25], "texture": "#0"}
			}
		},
		{
			"from": [4, 2.25, 1.5],
			"to": [6, 3.25, 1.5],
			"rotation": {"angle": 22.5, "axis": "x", "origin": [4, 2.25, 1.5]},
			"faces": {
				"north": {"uv": [0, 9.5, 0.5, 9.75], "texture": "#0"},
				"east": {"uv": [0, 0, 0, 0.25], "texture": "#0"},
				"south": {"uv": [0.5, 9.5, 1, 9.75], "texture": "#0"},
				"west": {"uv": [0, 0, 0, 0.25], "texture": "#0"},
				"up": {"uv": [0, 0, 0.5, 0], "texture": "#0"},
				"down": {"uv": [0, 0, 0.5, 0], "texture": "#0"}
			}
		}
	],
	"display": {
		"thirdperson_righthand": {
			"rotation": [75, 45, 0],
			"translation": [0, 2.5, 1],
			"scale": [0.375, 0.375, 0.375]
		},
		"thirdperson_lefthand": {
			"rotation": [75, 45, 0],
			"translation": [0, 2.5, 1],
			"scale": [0.375, 0.375, 0.375]
		},
		"firstperson_righthand": {
			"rotation": [0, 45, 0],
			"scale": [0.4, 0.4, 0.4]
		},
		"firstperson_lefthand": {
			"rotation": [0, 225, 0],
			"scale": [0.4, 0.4, 0.4]
		},
		"ground": {
			"translation": [0, 3, 0],
			"scale": [0.25, 0.25, 0.25]
		},
		"gui": {
			"rotation": [30, 225, 0],
			"translation": [0, 2.25, 0],
			"scale": [0.625, 0.625, 0.625]
		},
		"head": {
			"translation": [0, 15, 0],
			"scale": [1.45, 1.45, 1.45]
		},
		"fixed": {
			"scale": [0.5, 0.5, 0.5]
		}
	}
}