{
	"credit": "Made with Blockbench",
	"texture_size": [64, 64],
	"textures": {
		"1": "magmanetwork:item/players/daniel99j/spinny_hat",
		"2": "magmanetwork:item/players/daniel99j/spinny_hat_spinner",
		"particle": "magmanetwork:item/players/daniel99j/spinny_hat"
	},
	"elements": [
		{
			"from": [0, 0, -6],
			"to": [16, 2, 2],
			"faces": {
				"north": {"uv": [7, 7.5, 11, 8], "texture": "#1"},
				"east": {"uv": [8.5, 3.5, 10.5, 4], "texture": "#1"},
				"south": {"uv": [8, 0, 12, 0.5], "texture": "#1"},
				"west": {"uv": [8.5, 4, 10.5, 4.5], "texture": "#1"},
				"up": {"uv": [8, 2, 4, 0], "texture": "#1"},
				"down": {"uv": [8, 2, 4, 4], "texture": "#1"}
			}
		},
		{
			"from": [0, 0, 14],
			"to": [16, 2, 16],
			"rotation": {"angle": 0, "axis": "y", "origin": [0, 0, 14]},
			"faces": {
				"north": {"uv": [8, 0.5, 12, 1], "texture": "#1"},
				"east": {"uv": [3.5, 7, 4, 7.5], "texture": "#1"},
				"south": {"uv": [8, 1, 12, 1.5], "texture": "#1"},
				"west": {"uv": [8.5, 4.5, 9, 5], "texture": "#1"},
				"up": {"uv": [12, 2, 8, 1.5], "texture": "#1"},
				"down": {"uv": [12, 2, 8, 2.5], "texture": "#1"}
			}
		},
		{
			"from": [0, 0, 2],
			"to": [2, 2, 14],
			"rotation": {"angle": 0, "axis": "y", "origin": [0, 0, 2]},
			"faces": {
				"north": {"uv": [8.5, 5, 9, 5.5], "texture": "#1"},
				"east": {"uv": [8, 2.5, 11, 3], "texture": "#1"},
				"south": {"uv": [8.5, 5.5, 9, 6], "texture": "#1"},
				"west": {"uv": [8, 3, 11, 3.5], "texture": "#1"},
				"up": {"uv": [8.5, 6.5, 8, 3.5], "texture": "#1"},
				"down": {"uv": [7.5, 8, 7, 11], "texture": "#1"}
			}
		},
		{
			"from": [14, 0, 2],
			"to": [16, 2, 14],
			"rotation": {"angle": 0, "axis": "y", "origin": [14, 0, 2]},
			"faces": {
				"north": {"uv": [8.5, 6, 9, 6.5], "texture": "#1"},
				"east": {"uv": [8, 6.5, 11, 7], "texture": "#1"},
				"south": {"uv": [8.5, 8, 9, 8.5], "texture": "#1"},
				"west": {"uv": [8, 7, 11, 7.5], "texture": "#1"},
				"up": {"uv": [8, 11, 7.5, 8], "texture": "#1"},
				"down": {"uv": [8.5, 8, 8, 11], "texture": "#1"}
			}
		},
		{
			"from": [0, 2, 2],
			"to": [16, 9, 16],
			"rotation": {"angle": 0, "axis": "y", "origin": [0, 2, 2]},
			"faces": {
				"north": {"uv": [4, 4, 8, 5.75], "texture": "#1"},
				"east": {"uv": [0, 7, 3.5, 8.75], "texture": "#1"},
				"south": {"uv": [4, 5.75, 8, 7.5], "texture": "#1"},
				"west": {"uv": [3.5, 7.5, 7, 9.25], "texture": "#1"},
				"up": {"uv": [4, 3.5, 0, 0], "texture": "#1"},
				"down": {"uv": [4, 3.5, 0, 7], "texture": "#1"}
			}
		},
		{
			"from": [7, 9, 8],
			"to": [9, 11, 10],
			"rotation": {"angle": 0, "axis": "y", "origin": [7, 9, 8]},
			"faces": {
				"north": {"uv": [8.5, 8.5, 9, 9], "texture": "#1"},
				"east": {"uv": [0, 8.75, 0.5, 9.25], "texture": "#1"},
				"south": {"uv": [0.5, 8.75, 1, 9.25], "texture": "#1"},
				"west": {"uv": [1, 8.75, 1.5, 9.25], "texture": "#1"},
				"up": {"uv": [2, 9.25, 1.5, 8.75], "texture": "#1"},
				"down": {"uv": [2.5, 8.75, 2, 9.25], "texture": "#1"}
			}
		},
		{
			"from": [-0.01, 10.99, -0.01],
			"to": [16.01, 11.01, 16.01],
			"rotation": {"angle": 0, "axis": "y", "origin": [0, 11, 0]},
			"faces": {
				"north": {"uv": [0, 0, 8, 0], "texture": "#missing"},
				"east": {"uv": [0, 0, 7, 0], "texture": "#missing"},
				"south": {"uv": [0, 0, 8, 0], "texture": "#missing"},
				"west": {"uv": [0, 0, 7, 0], "texture": "#missing"},
				"up": {"uv": [16, 16, 0, 0], "texture": "#2"},
				"down": {"uv": [0, 16, 16, 0], "rotation": 180, "texture": "#2"}
			}
		}
	],
	"display": {
		"thirdperson_righthand": {
			"rotation": [75, 45, 0],
			"translation": [0, 2.5, 0],
			"scale": [0.375, 0.375, 0.375]
		},
		"thirdperson_lefthand": {
			"rotation": [75, 45, 0],
			"translation": [0, 2.5, 0],
			"scale": [0.375, 0.375, 0.375]
		},
		"firstperson_righthand": {
			"rotation": [0, 45, 0],
			"scale": [0.4, 0.4, 0.4]
		},
		"firstperson_lefthand": {
			"rotation": [0, 225, 0],
			"scale": [0.4, 0.4, 0.4]
		},
		"ground": {
			"translation": [0, 3, 0],
			"scale": [0.25, 0.25, 0.25]
		},
		"gui": {
			"rotation": [30, 225, 0],
			"translation": [-0.5, 1.5, 0],
			"scale": [0.625, 0.625, 0.625]
		},
		"head": {
			"rotation": [0, 0, -2.5],
			"translation": [0, 9.75, -1],
			"scale": [1.1, 1.1, 1.1]
		}
	}
}