{
	"credit": "Made with Blockbench",
	"textures": {
		"1": "magmanetwork:item/server/eyes",
		"particle": "magmanetwork:item/server/eyes"
	},
	"elements": [
		{
			"from": [4, 0, 0],
			"to": [12, 8, 0],
			"rotation": {"angle": 0, "axis": "y", "origin": [4, 0, 0]},
			"faces": {
				"north": {"uv": [0, 0, 8, 8], "texture": "#1"},
				"east": {"uv": [0, 0, 0, 8], "texture": "#1"},
				"south": {"uv": [0, 8, 8, 16], "texture": "#1"},
				"west": {"uv": [0, 0, 0, 8], "texture": "#1"},
				"up": {"uv": [8, 0, 0, 0], "texture": "#1"},
				"down": {"uv": [8, 0, 0, 0], "texture": "#1"}
			}
		}
	],
	"display": {
		"gui": {
			"rotation": [180, 0, 0]
		}
	}
}