{
	"credit": "Made with Blockbench",
	"ambientocclusion": false,
	"texture_size": [64, 64],
	"textures": {
		"0": "magmanetwork:item/server/golden_hopper",
		"particle": "magmanetwork:item/server/golden_hopper"
	},
	"elements": [
		{
			"from": [-0.01, 9.99, -0.01],
			"to": [16.01, 11.01, 16.01],
			"faces": {
				"north": {"uv": [8, 3, 12, 3.25], "texture": "#0", "cullface": "north"},
				"east": {"uv": [8, 3.25, 12, 3.5], "texture": "#0", "cullface": "east"},
				"south": {"uv": [8, 3.5, 12, 3.75], "texture": "#0", "cullface": "south"},
				"west": {"uv": [8, 3.75, 12, 4], "texture": "#0", "cullface": "west"},
				"up": {"uv": [4, 4, 0, 0], "texture": "#0", "cullface": "up"},
				"down": {"uv": [4, 4, 0, 8], "texture": "#0"}
			}
		},
		{
			"from": [-0.01, 10.99, -0.01],
			"to": [2.01, 16.01, 16.01],
			"faces": {
				"north": {"uv": [5, 8.75, 5.5, 10], "texture": "#0", "cullface": "north"},
				"east": {"uv": [4, 0, 8, 1.25], "texture": "#0", "cullface": "up"},
				"south": {"uv": [5.5, 8.75, 6, 10], "texture": "#0", "cullface": "south"},
				"west": {"uv": [4, 1.25, 8, 2.5], "texture": "#0", "cullface": "west"},
				"up": {"uv": [4.5, 12.75, 4, 8.75], "texture": "#0", "cullface": "up"}
			}
		},
		{
			"from": [13.99, 10.99, -0.01],
			"to": [16.01, 16.01, 16.01],
			"faces": {
				"north": {"uv": [6, 8.75, 6.5, 10], "texture": "#0", "cullface": "north"},
				"east": {"uv": [4, 2.5, 8, 3.75], "texture": "#0", "cullface": "east"},
				"south": {"uv": [6.5, 8.75, 7, 10], "texture": "#0", "cullface": "south"},
				"west": {"uv": [4, 3.75, 8, 5], "texture": "#0", "cullface": "up"},
				"up": {"uv": [5, 12.75, 4.5, 8.75], "texture": "#0", "cullface": "up"}
			}
		},
		{
			"from": [1.99, 10.99, -0.01],
			"to": [14.01, 16.01, 2.01],
			"faces": {
				"north": {"uv": [6, 5, 9, 6.25], "texture": "#0", "cullface": "north"},
				"south": {"uv": [6, 6.25, 9, 7.5], "texture": "#0", "cullface": "up"},
				"up": {"uv": [11, 2.5, 8, 2], "texture": "#0", "cullface": "up"}
			}
		},
		{
			"from": [1.99, 10.99, 13.99],
			"to": [14.01, 16.01, 16.01],
			"faces": {
				"north": {"uv": [4, 7.5, 7, 8.75], "texture": "#0", "cullface": "up"},
				"south": {"uv": [7, 7.5, 10, 8.75], "texture": "#0", "cullface": "south"},
				"up": {"uv": [11, 3, 8, 2.5], "texture": "#0", "cullface": "up"}
			}
		}
	],
	"display": {
		"thirdperson_righthand": {
			"rotation": [75, 45, 0],
			"translation": [0, 2.5, 0],
			"scale": [0.375, 0.375, 0.375]
		},
		"thirdperson_lefthand": {
			"rotation": [75, 45, 0],
			"translation": [0, 2.5, 0],
			"scale": [0.375, 0.375, 0.375]
		},
		"firstperson_righthand": {
			"rotation": [0, 45, 0],
			"scale": [0.4, 0.4, 0.4]
		},
		"firstperson_lefthand": {
			"rotation": [0, 225, 0],
			"scale": [0.4, 0.4, 0.4]
		},
		"ground": {
			"translation": [0, 3, 0],
			"scale": [0.25, 0.25, 0.25]
		},
		"gui": {
			"rotation": [30, 225, 0],
			"scale": [0.625, 0.625, 0.625]
		},
		"fixed": {
			"scale": [0.5, 0.5, 0.5]
		}
	}
}