{
	"credit": "Made with Blockbench",
	"ambientocclusion": false,
	"texture_size": [64, 64],
	"textures": {
		"0": "magmanetwork:item/server/golden_hopper",
		"particle": "magmanetwork:item/server/golden_hopper"
	},
	"elements": [
		{
			"from": [0, 10, 0],
			"to": [16, 11, 16],
			"faces": {
				"north": {"uv": [8, 3, 12, 3.25], "texture": "#0", "cullface": "north"},
				"east": {"uv": [8, 3.25, 12, 3.5], "texture": "#0", "cullface": "east"},
				"south": {"uv": [8, 3.5, 12, 3.75], "texture": "#0", "cullface": "south"},
				"west": {"uv": [8, 3.75, 12, 4], "texture": "#0", "cullface": "west"},
				"up": {"uv": [4, 4, 0, 0], "texture": "#0", "cullface": "up"},
				"down": {"uv": [4, 4, 0, 8], "texture": "#0"}
			}
		},
		{
			"from": [0, 11, 0],
			"to": [2, 16, 16],
			"faces": {
				"north": {"uv": [5, 8.75, 5.5, 10], "texture": "#0", "cullface": "north"},
				"east": {"uv": [4, 0, 8, 1.25], "texture": "#0", "cullface": "up"},
				"south": {"uv": [5.5, 8.75, 6, 10], "texture": "#0", "cullface": "south"},
				"west": {"uv": [4, 1.25, 8, 2.5], "texture": "#0", "cullface": "west"},
				"up": {"uv": [4.5, 12.75, 4, 8.75], "texture": "#0", "cullface": "up"}
			}
		},
		{
			"from": [14, 11, 0],
			"to": [16, 16, 16],
			"faces": {
				"north": {"uv": [6, 8.75, 6.5, 10], "texture": "#0", "cullface": "north"},
				"east": {"uv": [4, 2.5, 8, 3.75], "texture": "#0", "cullface": "east"},
				"south": {"uv": [6.5, 8.75, 7, 10], "texture": "#0", "cullface": "south"},
				"west": {"uv": [4, 3.75, 8, 5], "texture": "#0", "cullface": "up"},
				"up": {"uv": [5, 12.75, 4.5, 8.75], "texture": "#0", "cullface": "up"}
			}
		},
		{
			"from": [2, 11, 0],
			"to": [14, 16, 2],
			"faces": {
				"north": {"uv": [6, 5, 9, 6.25], "texture": "#0", "cullface": "north"},
				"south": {"uv": [6, 6.25, 9, 7.5], "texture": "#0", "cullface": "up"},
				"up": {"uv": [11, 2.5, 8, 2], "texture": "#0", "cullface": "up"}
			}
		},
		{
			"from": [2, 11, 14],
			"to": [14, 16, 16],
			"faces": {
				"north": {"uv": [4, 7.5, 7, 8.75], "texture": "#0", "cullface": "up"},
				"south": {"uv": [7, 7.5, 10, 8.75], "texture": "#0", "cullface": "south"},
				"up": {"uv": [11, 3, 8, 2.5], "texture": "#0", "cullface": "up"}
			}
		}
	]
}