{
	"credit": "Made with Blockbench",
	"texture_size": [64, 64],
	"textures": {
		"0": "magmanetwork:item/server/gravestone_0",
		"particle": "magmanetwork:item/server/gravestone_0"
	},
	"elements": [
		{
			"from": [6, 0, 1],
			"to": [10, 18, 15],
			"rotation": {"angle": 0, "axis": "y", "origin": [8, 9, 8]},
			"faces": {
				"north": {"uv": [0, 8.25, 1, 12.75], "texture": "#0"},
				"east": {"uv": [9.75, 8.25, 6.25, 12.75], "texture": "#0"},
				"south": {"uv": [5, 8.25, 6, 12.75], "texture": "#0"},
				"west": {"uv": [1.25, 8.25, 4.75, 12.75], "texture": "#0"},
				"up": {"uv": [4.75, 7, 1.25, 8], "rotation": 270, "texture": "#0"},
				"down": {"uv": [5, 12.25, 6, 12.75], "rotation": 180, "texture": "#0"}
			}
		}
	],
	"display": {
		"thirdperson_righthand": {
			"rotation": [60, 21, 0],
			"translation": [0, 0, -0.5],
			"scale": [0.26, 0.26, 0.26]
		},
		"thirdperson_lefthand": {
			"rotation": [60, 21, 0],
			"translation": [0, 0, -0.5],
			"scale": [0.26, 0.26, 0.26]
		},
		"firstperson_righthand": {
			"rotation": [0, 115, 0],
			"translation": [17.25, -8.5, -15.5]
		},
		"firstperson_lefthand": {
			"rotation": [0, 115, 0],
			"translation": [17.25, -8.5, -15.5]
		},
		"ground": {
			"translation": [0, 5.25, 0],
			"scale": [0.25, 0.25, 0.25]
		},
		"gui": {
			"rotation": [30, 135, 0],
			"translation": [0, -0.75, 0],
			"scale": [0.7, 0.7, 0.7]
		},
		"head": {
			"rotation": [0, -90, 0],
			"translation": [0, -17, 0],
			"scale": [2, 2, 2]
		},
		"fixed": {
			"rotation": [90, 0, 0],
			"translation": [0, 0, -16],
			"scale": [2, 2, 2]
		}
	}
}