{
	"credit": "Made with Blockbench",
	"texture_size": [64, 102],
	"textures": {
		"0": "magmanetwork:item/server/copper_golem/golem1"
	},
	"elements": [
		{
			"name": "head2",
			"from": [7, 8, 4],
			"to": [9, 11, 6],
			"rotation": {"angle": 0, "axis": "y", "origin": [8, 0, 8]},
			"faces": {
				"north": {"uv": [13.5, 2.35294, 14, 2.82353], "texture": "#0"},
				"east": {"uv": [13, 2.35294, 13.5, 2.82353], "texture": "#0"},
				"south": {"uv": [14.5, 2.35294, 15, 2.82353], "texture": "#0"},
				"west": {"uv": [14, 2.35294, 14.5, 2.82353], "texture": "#0"},
				"up": {"uv": [14, 2.35294, 13.5, 2.03922], "texture": "#0"},
				"down": {"uv": [14.5, 2.03922, 14, 2.35294], "texture": "#0"}
			}
		},
		{
			"name": "head2",
			"from": [4, 9, 6],
			"to": [12, 14, 14],
			"rotation": {"angle": 0, "axis": "y", "origin": [8, 0, 8]},
			"faces": {
				"north": {"uv": [10, 8.62745, 12, 9.41176], "texture": "#0"},
				"east": {"uv": [8, 8.62745, 10, 9.41176], "texture": "#0"},
				"south": {"uv": [14, 8.62745, 16, 9.41176], "texture": "#0"},
				"west": {"uv": [12, 8.62745, 14, 9.41176], "texture": "#0"},
				"up": {"uv": [12, 8.62745, 10, 7.37255], "texture": "#0"},
				"down": {"uv": [14, 7.37255, 12, 8.62745], "texture": "#0"}
			}
		},
		{
			"name": "head2",
			"from": [7, 14, 9],
			"to": [9, 17, 11],
			"rotation": {"angle": 0, "axis": "y", "origin": [8, 0, 8]},
			"faces": {
				"north": {"uv": [13.5, 3.13725, 14, 3.60784], "texture": "#0"},
				"east": {"uv": [13, 3.13725, 13.5, 3.60784], "texture": "#0"},
				"south": {"uv": [14.5, 3.13725, 15, 3.60784], "texture": "#0"},
				"west": {"uv": [14, 3.13725, 14.5, 3.60784], "texture": "#0"},
				"up": {"uv": [14, 3.13725, 13.5, 2.82353], "texture": "#0"},
				"down": {"uv": [14.5, 2.82353, 14, 3.13725], "texture": "#0"}
			}
		},
		{
			"name": "head2",
			"from": [6, 17, 8],
			"to": [10, 20, 12],
			"rotation": {"angle": 0, "axis": "y", "origin": [8, 0, 8]},
			"faces": {
				"north": {"uv": [13, 4.39216, 14, 4.86275], "texture": "#0"},
				"east": {"uv": [12, 4.39216, 13, 4.86275], "texture": "#0"},
				"south": {"uv": [15, 4.39216, 16, 4.86275], "texture": "#0"},
				"west": {"uv": [14, 4.39216, 15, 4.86275], "texture": "#0"},
				"up": {"uv": [14, 4.39216, 13, 3.76471], "texture": "#0"},
				"down": {"uv": [15, 3.76471, 14, 4.39216], "texture": "#0"}
			}
		},
		{
			"from": [4, 5, 8],
			"to": [12, 9, 11],
			"rotation": {"angle": 0, "axis": "y", "origin": [4, 5, 8]},
			"faces": {
				"north": {"uv": [3, 6.27451, 5, 6.90196], "texture": "#0"},
				"east": {"uv": [2, 6.90196, 2.75, 7.52941], "texture": "#0"},
				"south": {"uv": [5, 6.27451, 7, 6.90196], "texture": "#0"},
				"west": {"uv": [5.25, 6.90196, 6, 7.52941], "texture": "#0"},
				"up": {"uv": [5, 7.52941, 3, 7.05882], "texture": "#0"},
				"down": {"uv": [8.5, 7.05882, 6.5, 7.52941], "texture": "#0"}
			}
		},
		{
			"name": "left_arm",
			"from": [2, 1, 8],
			"to": [4, 11, 11],
			"rotation": {"angle": 0, "axis": "y", "origin": [8, 0, 10]},
			"faces": {
				"north": {"uv": [11.25, 2.19608, 11.75, 3.76471], "texture": "#0"},
				"east": {"uv": [10.5, 2.19608, 11.25, 3.76471], "texture": "#0"},
				"south": {"uv": [12.5, 2.19608, 13, 3.76471], "texture": "#0"},
				"west": {"uv": [11.75, 2.19608, 12.5, 3.76471], "texture": "#0"},
				"up": {"uv": [11.75, 2.19608, 11.25, 1.72549], "texture": "#0"},
				"down": {"uv": [12.25, 1.72549, 11.75, 2.19608], "texture": "#0"}
			}
		},
		{
			"name": "right_arm",
			"from": [12, 1, 8],
			"to": [14, 11, 11],
			"rotation": {"angle": 0, "axis": "y", "origin": [8, 0, 10]},
			"faces": {
				"north": {"uv": [11.25, 5.4902, 11.75, 7.05882], "texture": "#0"},
				"east": {"uv": [10.5, 5.4902, 11.25, 7.05882], "texture": "#0"},
				"south": {"uv": [12.5, 5.4902, 13, 7.05882], "texture": "#0"},
				"west": {"uv": [11.75, 5.4902, 12.5, 7.05882], "texture": "#0"},
				"up": {"uv": [11.75, 5.4902, 11.25, 5.01961], "texture": "#0"},
				"down": {"uv": [12.25, 5.01961, 11.75, 5.4902], "texture": "#0"}
			}
		},
		{
			"name": "left_leg",
			"from": [4, 0, 8],
			"to": [8, 5, 11],
			"rotation": {"angle": 0, "axis": "y", "origin": [8, 0, 10]},
			"faces": {
				"north": {"uv": [1.75, 8.62745, 2.75, 9.41176], "texture": "#0"},
				"east": {"uv": [1, 8.62745, 1.75, 9.41176], "texture": "#0"},
				"south": {"uv": [3.5, 8.62745, 4.5, 9.41176], "texture": "#0"},
				"west": {"uv": [2.75, 8.62745, 3.5, 9.41176], "texture": "#0"},
				"up": {"uv": [2.75, 8.62745, 1.75, 8.15686], "texture": "#0"},
				"down": {"uv": [3.75, 8.15686, 2.75, 8.62745], "texture": "#0"}
			}
		},
		{
			"name": "right_leg",
			"from": [8, 0, 8],
			"to": [12, 5, 11],
			"rotation": {"angle": 0, "axis": "y", "origin": [8, 0, 10]},
			"faces": {
				"north": {"uv": [5.25, 8.62745, 6.25, 9.41176], "texture": "#0"},
				"east": {"uv": [4.5, 8.62745, 5.25, 9.41176], "texture": "#0"},
				"south": {"uv": [7, 8.62745, 8, 9.41176], "texture": "#0"},
				"west": {"uv": [6.25, 8.62745, 7, 9.41176], "texture": "#0"},
				"up": {"uv": [6.25, 8.62745, 5.25, 8.15686], "texture": "#0"},
				"down": {"uv": [7.25, 8.15686, 6.25, 8.62745], "texture": "#0"}
			}
		}
	],
	"groups": [
		{
			"name": "body",
			"origin": [8, 8, 8],
			"color": 0,
			"nbt": "{}",
			"children": [
				{
					"name": "head2",
					"origin": [8, 9, 10],
					"color": 0,
					"nbt": "{}",
					"children": [0, 1, 2, 3]
				},
				4
			]
		},
		{
			"name": "left_wing",
			"origin": [4, 11, 8],
			"color": 0,
			"nbt": "{}",
			"children": [
				{
					"name": "left_arm",
					"origin": [4, 10, 7],
					"color": 0,
					"nbt": "{}",
					"children": [5]
				}
			]
		},
		{
			"name": "right_wing",
			"origin": [12, 11, 8],
			"color": 0,
			"nbt": "{}",
			"children": [
				{
					"name": "right_arm",
					"origin": [12, 10, 7],
					"color": 0,
					"nbt": "{}",
					"children": [6]
				}
			]
		},
		{
			"name": "left_leg",
			"origin": [7, 5, 9],
			"color": 0,
			"nbt": "{}",
			"children": [7]
		},
		{
			"name": "right_leg",
			"origin": [10, 5, 9],
			"color": 0,
			"nbt": "{}",
			"children": [8]
		}
	]
}