{
	"credit": "Made with Blockbench",
	"texture_size": [64, 102],
	"textures": {
		"0": "magmanetwork:item/server/copper_golem/golem1"
	},
	"elements": [
		{
			"name": "head2",
			"from": [7, 8, 4],
			"to": [9, 11, 6],
			"rotation": {"angle": 0, "axis": "y", "origin": [8, 0, 8]},
			"faces": {
				"north": {"uv": [13.5, 2.35294, 14, 2.82353], "texture": "#0"},
				"east": {"uv": [13, 2.35294, 13.5, 2.82353], "texture": "#0"},
				"south": {"uv": [14.5, 2.35294, 15, 2.82353], "texture": "#0"},
				"west": {"uv": [14, 2.35294, 14.5, 2.82353], "texture": "#0"},
				"up": {"uv": [14, 2.35294, 13.5, 2.03922], "texture": "#0"},
				"down": {"uv": [14.5, 2.03922, 14, 2.35294], "texture": "#0"}
			}
		},
		{
			"name": "head2",
			"from": [4, 9, 6],
			"to": [12, 14, 14],
			"rotation": {"angle": 0, "axis": "y", "origin": [8, 0, 8]},
			"faces": {
				"north": {"uv": [10, 8.62745, 12, 9.41176], "texture": "#0"},
				"east": {"uv": [8, 8.62745, 10, 9.41176], "texture": "#0"},
				"south": {"uv": [14, 8.62745, 16, 9.41176], "texture": "#0"},
				"west": {"uv": [12, 8.62745, 14, 9.41176], "texture": "#0"},
				"up": {"uv": [12, 8.62745, 10, 7.37255], "texture": "#0"},
				"down": {"uv": [14, 7.37255, 12, 8.62745], "texture": "#0"}
			}
		},
		{
			"name": "head2",
			"from": [7, 14, 9],
			"to": [9, 17, 11],
			"rotation": {"angle": 0, "axis": "y", "origin": [8, 0, 8]},
			"faces": {
				"north": {"uv": [13.5, 3.13725, 14, 3.60784], "texture": "#0"},
				"east": {"uv": [13, 3.13725, 13.5, 3.60784], "texture": "#0"},
				"south": {"uv": [14.5, 3.13725, 15, 3.60784], "texture": "#0"},
				"west": {"uv": [14, 3.13725, 14.5, 3.60784], "texture": "#0"},
				"up": {"uv": [14, 3.13725, 13.5, 2.82353], "texture": "#0"},
				"down": {"uv": [14.5, 2.82353, 14, 3.13725], "texture": "#0"}
			}
		},
		{
			"name": "head2",
			"from": [6, 17, 8],
			"to": [10, 20, 12],
			"rotation": {"angle": 0, "axis": "y", "origin": [8, 0, 8]},
			"faces": {
				"north": {"uv": [13, 4.39216, 14, 4.86275], "texture": "#0"},
				"east": {"uv": [12, 4.39216, 13, 4.86275], "texture": "#0"},
				"south": {"uv": [15, 4.39216, 16, 4.86275], "texture": "#0"},
				"west": {"uv": [14, 4.39216, 15, 4.86275], "texture": "#0"},
				"up": {"uv": [14, 4.39216, 13, 3.76471], "texture": "#0"},
				"down": {"uv": [15, 3.76471, 14, 4.39216], "texture": "#0"}
			}
		}
	],
	"groups": [
		{
			"name": "body",
			"origin": [8, 8, 8],
			"color": 0,
			"nbt": "{}",
			"children": [
				{
					"name": "head2",
					"origin": [8, 9, 10],
					"color": 0,
					"nbt": "{}",
					"children": [0, 1, 2, 3]
				}
			]
		}
	]
}