{
	"credit": "Made with Blockbench",
	"texture_size": [64, 102],
	"textures": {
		"0": "magmanetwork:item/server/copper_golem/golem1",
		"particle": "magmanetwork:item/server/copper_golem/golem1"
	},
	"elements": [
		{
			"from": [4, 5, 8],
			"to": [12, 9, 11],
			"rotation": {"angle": 0, "axis": "y", "origin": [4, 5, 8]},
			"faces": {
				"north": {"uv": [3, 6.27451, 5, 6.90196], "texture": "#0"},
				"east": {"uv": [2, 6.90196, 2.75, 7.52941], "texture": "#0"},
				"south": {"uv": [5, 6.27451, 7, 6.90196], "texture": "#0"},
				"west": {"uv": [5.25, 6.90196, 6, 7.52941], "texture": "#0"},
				"up": {"uv": [5, 7.52941, 3, 7.05882], "texture": "#0"},
				"down": {"uv": [8.5, 7.05882, 6.5, 7.52941], "texture": "#0"}
			}
		}
	],
	"groups": [
		{
			"name": "body",
			"origin": [8, 8, 8],
			"color": 0,
			"nbt": "{}",
			"children": [0]
		}
	]
}