{
	"credit": "Made with Blockbench",
	"texture_size": [32, 32],
	"textures": {
		"0": "magmanetwork:item/server/light_beacon_redstone",
		"particle": "magmanetwork:item/server/light_beacon_redstone"
	},
	"elements": [
		{
			"from": [1.99, -0.01, 1.99],
			"to": [14.01, 4.01, 14.01],
			"faces": {
				"north": {"uv": [6, 0, 12, 2], "texture": "#0"},
				"east": {"uv": [6, 2, 12, 4], "texture": "#0"},
				"south": {"uv": [6, 4, 12, 6], "texture": "#0"},
				"west": {"uv": [6, 6, 12, 8], "texture": "#0"},
				"up": {"uv": [6, 6, 0, 0], "texture": "#0"},
				"down": {"uv": [6, 6, 0, 12], "texture": "#0", "cullface": "down"}
			}
		}
	]
}